usuario,Wikiloc | Ruta 160805 Camino del Inca (INKA TRAIL),Wikiloc | Ruta 2014-09-19 CUSCO,Wikiloc | Ruta 2014-09-21 SALKANTAY FIRST ETAPA,Wikiloc | Ruta 2014-09-22 SALKANTAY SECOND ETAPA,Wikiloc | Ruta 2014-09-23 SALKANTAY THIRD ETAPA,Wikiloc | Ruta 2014-09-24 MACHUPICCHU,Wikiloc | Ruta 2014-09-24 MACHUPICCHU AGUAS CALIENTES,Wikiloc | Ruta 2014-09-25 CUSCO,Wikiloc | Ruta 71 Día 2 Salkantay - SORAYPAMPA –SALKANTAY- COLPAPAMPA,Wikiloc | Ruta 72 Día 3 Salkantay - COLPAPAMPA – PLAYA SAHUAYACO,Wikiloc | Ruta 73 Día 4 parte1 Salkantay - PLAYA SAHUAYACO- LUCMABAMBA –LLACTAPATA - HIDROELECTRICA,Wikiloc | Ruta 74 Día 4 parte2 Salkantay - HIDROELECTRICA-AGUAS CALIENTES:,Wikiloc | Ruta A Machu Pichu por la Central Hidroeléctrica,Wikiloc | Ruta AUSANGATE-ESTE Y MONTAÑA 7 COLORES,Wikiloc | Ruta Abra Huasacocha-Chilca,Wikiloc | Ruta Aguas calientes-Machu picchu,Wikiloc | Ruta Anillo pumahuanca - valle la escondida chupani templo de las ñusta  playita,Wikiloc | Ruta Apu Ausangate + Vinicunca 6D (Tinki-Upis-Ausangatecocha-Vinicunca (7 Colores)-Chillca-Jampa-Pacchanta-Tinki) / Cusco  Perú,Wikiloc | Ruta Ascensión a Montaña Machu Picchu. Subida en Bus desde Aguascalientes. Perú.,Wikiloc | Ruta Ascensión a montaña Machu Picchu,Wikiloc | Ruta Ascenso al Wayna Picchu,Wikiloc | Ruta Ausangate 7 lagunas,Wikiloc | Ruta CAMINO INCA  1ª JORNADA,Wikiloc | Ruta CAMINO INCA  2ª JORNADA,Wikiloc | Ruta CAMINO INCA  3ª JORNADA,Wikiloc | Ruta CAMINO INCA  4ª JORNADA,Wikiloc | Ruta CAMINO INCA  TRACK COMPLETO,Wikiloc | Ruta CCATAN lodge - Sitio Arqueológico Chupani - Ahuanmarca,Wikiloc | Ruta CUSCO: AUSANGATE TREK (RUTA TINKI - PACCHANTA) 5D/4N,Wikiloc | Ruta CUSCO: AUSANGATE TREK 5D/4N,Wikiloc | Ruta CUSCO: BALCON DEL DIABLO TREK 1D,Wikiloc | Ruta CUSCO: CAMINO INCA CHINCHERO - URQUILLOS TREK 1D,Wikiloc | Ruta CUSCO: CENTRO ARQUEOLOGICO PISAC TREK 1D,Wikiloc | Ruta CUSCO: CERRO SENQA TREK 1D,Wikiloc | Ruta CUSCO: CERRO WANAKAUWRI O HUANACAURE TREK 1D,Wikiloc | Ruta CUSCO: CIUDADELA MACHU PICCHU TREK 1D,Wikiloc | Ruta CUSCO: COMPLEJO ARQUEOLOGICO DE RAQCHI TEMPLO DEL DIOS WIRACOCHA TREK 1D,Wikiloc | Ruta CUSCO: HUCHUY QOSQO TREK 1D,Wikiloc | Ruta CUSCO: INKILLTAMBO - KALLACHAQA TREK 1D,Wikiloc | Ruta CUSCO: KALLACHAKA - INKILLTAMBO - CHUSPIYOC - TEMPLO DE LA LUNA - KUSILLUCHAYOC - QOCHAPATA - QENKO CHICO TREK 1D,Wikiloc | Ruta CUSCO: NEVADO CHICON TREK 1D,Wikiloc | Ruta CUSCO: PARQUE NACIONAL DEL MANU SENDERO TURISTICO ZORRO TREK 1D,Wikiloc | Ruta CUSCO: RUTA 07 LAGUNAS DE AUSANGATE TREK 1D,Wikiloc | Ruta CUSCO: RUTA MIRADOR TRES CRUCES DE ORO A PAUCARTAMBO TREK 1D,Wikiloc | Ruta CUSCO: SALKANTAY TREK 4D/3N,Wikiloc | Ruta CUSCO: SITIO ARQUEOLOGICO QUESPEHUARA TREK 1D,Wikiloc | Ruta CUSCO: VINICUNA - VALLE ROJO TREK 1D,Wikiloc | Ruta CUSCO: VOLCAN QUIMSACHATA RUTA CIRCULAR TREK 1D,Wikiloc | Ruta Caminado por Cuzco,Wikiloc | Ruta Camino Inca - Dia 1,Wikiloc | Ruta Camino Inca - Dia 2,Wikiloc | Ruta Camino Inca - Dia 3,Wikiloc | Ruta Camino Inca - Dia 4,Wikiloc | Ruta Camino Inca - Inca Trail completo de 4 dias,Wikiloc | Ruta Camino Inca - Inka Trail,Wikiloc | Ruta Camino Inca - KM 104,Wikiloc | Ruta Camino Inca Día 1,Wikiloc | Ruta Camino Inca Día 2,Wikiloc | Ruta Camino Inca Día 3,Wikiloc | Ruta Camino Salkantay,Wikiloc | Ruta Camino Salkantay Día 1: Soraypampa - Laguna Humantay - Soraypampa,Wikiloc | Ruta Camino Salkantay Día 2: Soraypampa -Chaullay,Wikiloc | Ruta Camino Salkantay Día 3: Chaullay- Lucmabamba,Wikiloc | Ruta Camino del Inca- (Ollantaytambo-Aguas calientes) tren  senderismo  bus (Perú),Wikiloc | Ruta Camino del Inca. Cuatro días  trekking desde Km 82  Ollaytantambo hasta Machu Picchu. Cuzco. Perú.,Wikiloc | Ruta Camino del Inka + Machu Picchu + Wayna Picchu,Wikiloc | Ruta Camino inca 4d/3n,Wikiloc | Ruta Camino por andenes y riachuelo en Sumacpampa - Yucay,Wikiloc | Ruta Central Hidroelectrica - Aguascalientes,Wikiloc | Ruta Cerro colorado - Vinicunca (5.020m),Wikiloc | Ruta Chilca-Palomani Riti,Wikiloc | Ruta Chupani + Cataratas,Wikiloc | Ruta Circuito - camino inca ritual Huanacaure,Wikiloc | Ruta Circular por Huayna Pichu,Wikiloc | Ruta Ciudadela de Machu Picchu (Perú): ascensión al pico Wuaynapicchu,Wikiloc | Ruta Cordillera de Vilcabamba / Pisaq 3.500m (Perú),Wikiloc | Ruta Cordillera de Vilcanota-Ausangate / Apu winicunca 5.200m (Perú),Wikiloc | Ruta Cusco - Piuray - Huchuy Qosqo - Lamay,Wikiloc | Ruta Cusco - San Jerónimo,Wikiloc | Ruta Cusco - Uchullucllo Camino a la Montaña de los 7 colores,Wikiloc | Ruta Cusipata (Departamento de Cusco  Perú): ascensión a la montaña Vinikunka o de los Siete Colores,Wikiloc | Ruta Desafío 'Sr. De Huanca',Wikiloc | Ruta Desde tauca hasta Huchuy Qosqo pasado por Pucamarca,Wikiloc | Ruta Dia 2. SALKANTAY TREK. Soraypampa-collcapampa,Wikiloc | Ruta Escuela Markuray - Catarata Perolniyoq - Ñaupa Iglesia - Pachar,Wikiloc | Ruta Full Salkantay Trek  Mollepata-Aguas Calientes,Wikiloc | Ruta Glaciar de Quelccaya,Wikiloc | Ruta Hampucocha.,Wikiloc | Ruta Hanchipacha-Japura,Wikiloc | Ruta Hidroeléctrica - Aguas Calientes,Wikiloc | Ruta Hidroeléctrica - Aguas Calientes,Wikiloc | Ruta Hidroeléctrica - Plaza de Armas de Machu Picchu,Wikiloc | Ruta Humantaycocha (Laguna Humantay). Soraypampa. Perú.,Wikiloc | Ruta INCA TRAIL,Wikiloc | Ruta INKA TRAIL - MACHU PICHU,Wikiloc | Ruta Inca Trail,Wikiloc | Ruta Km 82 a Pueblo Machu Picchu (por vía férrea),Wikiloc | Ruta LAGUNA HUMANTAY (PERU),Wikiloc | Ruta Laguna YANACOCCHA Y CHAQUICOCHA - Huayoccari Urubamba -,Wikiloc | Ruta Laguna de qan qan - Calca,Wikiloc | Ruta Lagunas Ausangate,Wikiloc | Ruta Lagunas de Huaran,Wikiloc | Ruta Machu Picchu - Aguas Calientes,Wikiloc | Ruta Machu Picchu y Huayna Picchu,Wikiloc | Ruta Machu Picchu: Camino Inca corto,Wikiloc | Ruta Machupicchu Hidroeléctrica - Aguas Calientes,Wikiloc | Ruta Machupicchu Santuario Maravilla del Mundo,Wikiloc | Ruta Maras - moray - maras - salinas - urubamba,Wikiloc | Ruta Maras Pueblo - Salineras de Maras - Tarabamba,Wikiloc | Ruta Mercado sabático baratillo Cusco,Wikiloc | Ruta Mollepata - Machupicchu Salkantay trek,Wikiloc | Ruta Montaña 7 colores,Wikiloc | Ruta Montaña Machu Picchu en Peru,Wikiloc | Ruta Montaña Winicunca (7 colores),Wikiloc | Ruta Montaña Winikunka (7 Colores o Arco Iris),Wikiloc | Ruta Montaña de colores Vinicunca,Wikiloc | Ruta Montaña de los siete colores y Mirador del valle rojo,Wikiloc | Ruta Montaña siete Colores y Cerro Colorado. Cusco. Perú,Wikiloc | Ruta Montañas de Ollantaytambo,Wikiloc | Ruta Moray - Maras - Salineras - Urubamba (Finca Intiquilla),Wikiloc | Ruta Moray a Maras,Wikiloc | Ruta Ollantaytambo (San Isidro) a Inti Punku,Wikiloc | Ruta Paso Campa-Pacchanta,Wikiloc | Ruta Peru  Ausangate trek  1 dia,Wikiloc | Ruta Perú - Choquequirao por Huanipaca,Wikiloc | Ruta Perú / Salkantay Trek hasta MachuPicchu - Aguas Termales Cocalmayo (10D/9N),Wikiloc | Ruta Perú. Q'eswachaka/Qeswachaka: el último puente Inca.,Wikiloc | Ruta Perú. VINICUNCA: la montaña de los Siete Colores o Montaña Arcoíris.,Wikiloc | Ruta Perú: Montaña de 7 colores,Wikiloc | Ruta Primer Día Salkantay-Machupicchu,Wikiloc | Ruta Pumamarca (Pallata) - Ollantaytambo,Wikiloc | Ruta QUILLABAMBA: CATARATA DE SIRENAYOC TREK 1D,Wikiloc | Ruta QUILLABAMBA: CATARATA DE VILLA RICA TREK 1D,Wikiloc | Ruta Qapaqñan al Antisuyo,Wikiloc | Ruta Qhapaq Ñan del Antisuyu. Tramo Abra Corao - Hawkaypata Cusco,Wikiloc | Ruta Recorrido por Cuzco,Wikiloc | Ruta Recorrido por Perú - Bolivia - Argentina (Choquequirao - Titicaca - Salar de Uyuni - Iruya - etc),Wikiloc | Ruta Ruinas de Purmamarka,Wikiloc | Ruta Ruinas de Písaq - Písac Pueblo,Wikiloc | Ruta Ruta Arco tica tica - apu senqa - Balcon del diablo - Sacsayhuaman - Plaza de armas / cusco,Wikiloc | Ruta Ruta circular montaña Vinicunca y montaña Roja,Wikiloc | Ruta Ruta Ñaupa Iglesia - Catarata Perolniyoc - Inti Punku - Ollantaytambo,Wikiloc | Ruta SANTA TERESA A AGUAS CALIENTES (RUTA ALTERNA A MACHU PICCHU),Wikiloc | Ruta SANTUARIO NACIONAL MEGANTONI: CIRCUITO SARINGABENI TREK 1D,Wikiloc | Ruta Sacsaywaman,Wikiloc | Ruta Salineras de Maras. Perú.,Wikiloc | Ruta Salkantay + Camino del Inca 7 días (día 2),Wikiloc | Ruta Salkantay - Machupicchu Pueblo,Wikiloc | Ruta Salkantay 1/5 : Soraypampa-Laguna Humantay,Wikiloc | Ruta Salkantay 2/5: Soraypampa-Collapampa,Wikiloc | Ruta Salkantay 3/5: Collapampa-Lucmabamba,Wikiloc | Ruta Salkantay 4/5: Lucmabamba-Llactapata-Aguas Calientes,Wikiloc | Ruta Salkantay 5/5: Aguas Calientes-Macchupicchu,Wikiloc | Ruta Salkantay Trek,Wikiloc | Ruta Salkantay Trek,Wikiloc | Ruta Salkantay Trek (Perú),Wikiloc | Ruta Salkantay Trek - Cusco - Perú,Wikiloc | Ruta Salkantay trek. 5 Días. Saraypampa - Machu Picchu.,Wikiloc | Ruta Salkantay-1-Mollepata Soraypampa,Wikiloc | Ruta Salkantay-2-Soraypampa Challway,Wikiloc | Ruta Salkantay-3-Challway Playa Sawayako,Wikiloc | Ruta Salkantay-4-Hidroelectrica Aguas Cal,Wikiloc | Ruta Salkantay. Día 2,Wikiloc | Ruta Salkantay. Día 3,Wikiloc | Ruta Salkantay. Soraypampa-Lucmabamba,Wikiloc | Ruta Saqsaywaman Cusco,Wikiloc | Ruta Senderismo al Apu Picol,Wikiloc | Ruta Sendero al Inti Punku - Ollantaytambo - Perú,Wikiloc | Ruta Soraypampa - Abra Salkantay - Collpapampa,Wikiloc | Ruta Soraypampa - Laguna Humantay,Wikiloc | Ruta TREKKING SALKANTAY a MACHUPICCHU,Wikiloc | Ruta Tour 7 lagunas de Ausangate,Wikiloc | Ruta Trek Ausangate. Día 2. De Campamento Upis a Laguna Pucacocha. Perú.,Wikiloc | Ruta Trek Salcantay día 1. De Soraypampa a Chaullay por Abra Salcantay. Perú.,Wikiloc | Ruta Trek Salcantay día 2. De Chaullay a Llactapata. Perú.,Wikiloc | Ruta Trek Salcantay. Día 3. De Llactapata a Aguascalientes,Wikiloc | Ruta Trek Salkantay,Wikiloc | Ruta Trek del Ausangate en 5 días. Desde Upis hasta Pacchanta. Extensión a Montañas Arcoiris.,Wikiloc | Ruta Trek del Ausangate. Día 1. De Upis a Campamento Upis. Perú.,Wikiloc | Ruta Trek del Ausangate. Día 3. Desde Campamento Pucacocha hasta Campamento Ausangate. Visita a Vinicunca (Montaña de Colores).,Wikiloc | Ruta Trek del Ausangate. Día 4. Desde Campamento Ausangate Cocha a Campamento Pachaspata.,Wikiloc | Ruta Trekk de Salkantay - Machupichu 5D/4N (Perú),Wikiloc | Ruta Trekking Ausangate. Día 5. De Campamento Pachaspata hasta Aguas Termales de Pacchanta. 7 Lagunas de Ausangate.,Wikiloc | Ruta Trekking de Salkantay de forma independiente (2 022),Wikiloc | Ruta UchukutaWasi - Full day 001,Wikiloc | Ruta Urubabamba - Laguna Juchuyocha - Nevado Chicon - SOLO IDA RET MISMA RUTA,Wikiloc | Ruta VALLE SAGRADO DE LOS INCAS (PERU) por libre,Wikiloc | Ruta Vinikunka y Valle Rojo (Montaña 7 colores),Wikiloc | Ruta Visita a Ollantaytambo. Pinkuyuna  Centro Histórico y Sitio Arqueológico. Perú,Wikiloc | Ruta Visita a Yacimiento Arqueológico Inka de Pisac,Wikiloc | Ruta Visita a Yacimiento arqueológico Inka de Machu Picchu. Circuito 3. Bajada a pie a Aguascalientes.,Wikiloc | Ruta Visita a yacimientos incas de Cuzco. Tambomachay  Puka Pukara  Q'enqo Grande/Chico  Saksaywaman y otros. Perú,Wikiloc | Ruta Vuelta al Ausangate (4 Días / 3 Noches),Wikiloc | Ruta Waqrapukara ruta Pitumarca-Huayqui,Wikiloc | Ruta Wayna Picchu,Wikiloc | Ruta Wayna Picchu o Huayna Picchu - Machu Picchu - PERÚ,Wikiloc | Ruta Winicunca (5.036 m.) y Mirador Valle Rojo (Montaña 7 colores  Arco Iris o Rainbow Mountain),Wikiloc | Ruta Winicunca - Red valley,Wikiloc | Ruta Zona arqueológica Chinchero Valle Sagrado Peru,Wikiloc | Ruta vuelta al Ausangate en solitario
Alejandro González,5,2,4,5,4,1,2,3,1,5,5,5,2,1,5,2,2,3,2,4,3,1,2,1,4,5,1,1,3,4,3,5,1,2,1,4,3,4,3,1,3,1,1,3,1,1,4,2,2,1,4,1,3,3,3,4,1,2,3,4,3,3,3,1,4,2,1,3,4,2,4,1,1,1,1,5,5,2,3,1,1,2,1,5,5,4,4,3,2,1,5,2,1,3,2,5,5,4,1,3,4,2,5,4,3,1,1,2,1,3,2,5,4,5,5,2,4,4,5,3,2,1,3,5,3,5,5,3,5,3,4,3,3,3,2,2,5,1,2,1,2,5,4,1,3,1,4,1,3,3,1,3,2,3,1,4,2,2,3,2,2,3,4,5,2,2,2,4,1,4,3,1,3,4,2,5,2,1,2,3,1,2,4,2,2,2,5,3,4,3,4,1,4,1,4,3,2,3,2,5
Valentina Pérez,5,2,2,2,1,3,2,5,1,4,3,1,5,3,2,2,4,4,5,5,2,1,5,4,3,3,4,5,1,3,4,1,3,5,1,1,4,1,2,5,2,1,3,3,4,5,1,3,2,3,4,2,4,2,4,3,3,3,2,4,4,4,3,4,2,4,3,1,4,2,2,5,4,2,1,4,5,3,1,1,2,2,5,3,2,2,1,1,5,4,4,5,2,4,2,2,3,4,3,4,5,5,5,1,1,3,2,4,5,5,2,3,3,3,5,2,5,3,3,2,3,2,4,3,5,1,2,4,2,2,3,5,5,5,3,5,3,2,2,4,4,3,4,3,5,2,4,1,1,1,2,2,1,4,5,1,1,2,5,3,3,5,3,5,3,3,3,3,4,3,3,5,2,2,1,4,2,5,2,3,5,3,4,2,5,5,5,4,3,3,1,3,2,5,1,1,5,5,3,1
Sebastián Rodríguez,1,5,2,2,4,2,5,1,2,5,4,4,4,2,1,1,5,5,5,2,4,2,3,4,4,1,5,5,3,2,1,5,3,4,5,3,2,1,5,3,1,3,3,3,1,2,1,1,3,3,4,2,1,5,5,4,4,3,5,4,1,1,3,3,1,4,2,2,3,5,1,2,2,5,1,5,5,4,5,3,4,4,5,5,2,1,3,1,5,5,2,1,4,4,2,4,4,4,2,2,3,5,4,4,4,3,2,1,5,4,5,1,1,5,5,3,4,5,1,1,4,1,5,3,1,5,3,2,4,1,3,4,1,1,4,3,1,5,2,4,2,5,5,1,3,2,3,2,1,3,2,1,3,2,2,5,5,2,4,2,4,3,4,5,2,1,4,4,2,1,5,3,1,5,2,2,1,5,3,5,2,3,2,3,4,1,4,3,4,4,2,2,4,2,2,5,4,3,5,2
Sofía Martínez,2,3,4,5,3,5,5,2,5,3,3,1,5,3,1,1,5,1,1,1,5,5,4,5,1,2,3,1,1,4,2,3,2,4,2,2,4,1,5,5,4,2,4,5,2,4,2,2,5,5,3,5,4,3,2,4,2,2,3,5,3,3,1,3,1,5,1,1,1,1,3,5,1,3,5,1,1,4,1,5,1,2,3,2,5,4,1,1,2,3,2,5,3,4,1,2,1,2,1,4,2,2,4,2,1,2,3,3,4,2,3,2,5,2,5,2,4,4,5,4,1,4,1,4,5,5,5,2,2,4,2,1,3,4,2,5,2,1,5,2,4,3,2,2,5,4,2,5,2,1,5,5,2,3,2,1,5,4,1,3,2,1,2,4,3,2,2,1,1,4,2,4,2,4,4,5,1,2,2,2,5,1,4,3,4,3,3,1,4,4,3,2,5,2,5,5,1,3,1,2
Martín López,3,3,3,3,4,5,3,4,4,2,1,2,3,3,4,3,3,4,2,5,4,5,2,1,2,3,4,5,5,1,2,5,2,4,2,1,4,2,5,4,3,5,5,2,3,4,5,4,1,4,5,4,5,2,2,3,3,4,3,2,5,1,3,5,4,3,2,5,1,4,2,1,5,4,3,5,2,2,5,4,2,4,4,4,4,5,2,4,4,5,2,5,4,1,4,3,1,2,3,5,3,2,1,4,4,5,3,4,3,2,5,1,3,3,5,3,3,4,5,1,1,3,2,3,5,5,5,3,2,3,1,5,5,3,3,5,4,4,5,2,5,3,5,5,3,1,2,5,5,3,1,4,5,5,2,5,5,2,3,5,2,2,4,3,4,2,1,3,4,3,5,5,1,2,5,4,5,3,2,1,4,5,3,3,3,1,2,4,4,1,4,2,3,2,5,3,1,1,2,1
Camila Sánchez,2,2,5,5,5,2,1,4,1,2,3,3,5,5,1,2,5,5,3,5,3,3,2,1,3,3,4,1,1,2,1,4,5,3,2,3,2,2,2,2,2,4,5,3,4,4,5,5,1,4,1,3,4,2,1,5,3,4,2,5,2,5,1,1,5,3,3,5,4,1,3,4,4,5,4,1,2,4,5,4,3,2,3,1,5,2,1,1,1,2,1,5,4,4,2,5,3,2,1,2,4,1,1,4,5,2,3,1,2,4,5,5,1,2,3,2,4,5,1,2,2,3,1,4,1,4,1,3,3,5,5,3,3,5,5,1,3,4,5,3,3,3,3,4,3,1,4,1,5,5,5,5,2,2,2,2,4,1,5,3,3,4,2,4,2,1,5,4,4,1,3,4,1,5,5,2,2,5,5,2,2,5,4,5,5,4,4,3,2,5,5,1,2,4,5,1,1,4,4,3
Mateo Ramírez,4,5,4,4,5,1,2,4,5,2,5,5,3,5,4,3,5,3,1,1,4,5,5,4,2,1,4,5,2,3,2,3,4,5,1,2,2,5,1,2,2,4,1,2,2,2,5,4,5,3,4,4,3,5,2,3,3,2,5,5,3,4,4,1,3,1,1,3,3,5,5,1,3,2,1,4,4,1,5,5,5,4,2,3,1,4,5,3,4,3,5,1,5,4,3,1,4,4,3,5,5,4,5,5,3,2,3,4,4,1,2,5,5,4,2,5,2,3,5,2,2,3,3,4,5,2,2,5,1,5,5,5,3,2,2,1,3,4,1,1,2,2,1,2,2,1,4,3,1,2,4,3,2,1,5,5,4,1,5,1,4,5,1,1,1,3,5,2,3,5,5,2,5,3,1,5,5,2,2,4,5,2,1,3,2,2,5,1,3,1,5,5,5,2,3,2,5,5,2,3
Isabella Torres,4,4,5,4,1,3,3,1,5,5,3,5,5,2,1,4,1,1,2,1,2,2,3,2,5,3,5,1,1,4,3,2,2,5,4,4,4,4,4,4,3,1,3,5,1,3,2,4,5,1,5,5,4,5,3,1,5,5,2,4,1,2,2,2,2,3,4,4,4,5,1,1,1,1,1,3,1,1,5,1,1,2,5,2,5,2,1,4,2,5,4,2,2,4,4,2,3,2,3,1,4,4,3,1,5,1,3,4,4,5,3,2,1,4,1,5,4,3,1,1,3,2,1,1,3,4,1,3,2,3,5,4,5,3,5,5,4,1,3,3,4,5,5,1,5,5,1,3,2,2,5,4,5,1,1,5,2,2,4,5,5,2,5,1,5,3,1,3,5,3,4,4,3,2,1,3,4,2,1,3,5,4,5,1,1,4,3,4,2,4,5,5,1,2,5,2,3,1,4,3
Daniel Flores,1,5,5,3,5,5,4,5,3,3,3,1,5,5,4,5,4,5,2,1,2,1,4,4,2,2,1,3,4,5,4,2,2,5,3,5,5,3,4,3,1,4,2,4,5,2,5,3,5,4,3,1,4,1,2,5,5,5,3,3,3,5,3,4,3,2,5,4,4,2,1,1,2,3,2,2,1,3,1,1,1,3,3,3,5,3,1,2,3,5,5,4,5,1,4,2,1,2,5,1,5,2,2,3,3,3,4,2,4,2,1,1,1,5,5,2,1,3,4,4,2,5,4,4,4,4,5,4,1,1,4,3,1,5,3,4,1,4,3,5,4,3,1,3,3,2,4,5,1,1,5,1,2,5,2,4,1,2,5,3,2,2,4,3,1,1,4,3,4,4,2,4,3,4,3,3,4,5,2,3,2,3,2,2,2,1,3,3,1,4,1,3,1,2,4,2,2,3,4,3
Valeria Gómez,3,5,5,5,4,2,1,5,5,5,5,4,4,2,2,3,4,4,2,4,1,1,2,4,3,3,2,4,4,5,3,3,5,3,5,4,3,1,4,3,3,1,1,5,5,4,4,3,5,5,2,1,2,1,4,1,4,1,5,3,2,2,4,4,4,5,2,5,3,1,1,2,2,3,4,3,5,4,3,2,4,5,4,2,3,4,2,5,5,5,2,1,2,2,2,3,3,2,2,5,2,3,3,2,1,4,3,2,1,3,3,1,3,1,3,3,3,2,4,3,2,4,5,4,5,4,5,2,3,2,2,4,5,2,2,2,1,3,3,4,1,3,1,2,3,1,1,3,2,4,4,5,3,3,1,3,5,3,1,5,3,1,1,5,2,1,4,5,2,5,1,1,2,1,5,5,1,4,1,5,4,3,5,1,1,1,1,2,1,1,5,5,1,5,5,3,5,5,4,4
Diego Herrera,4,3,4,5,5,3,5,4,1,2,5,2,3,3,1,4,5,2,1,4,1,4,1,4,3,3,4,1,4,2,1,5,2,1,4,3,4,4,1,3,5,5,4,2,5,1,3,3,4,5,3,1,4,2,4,5,5,3,1,5,5,1,2,4,5,2,4,2,1,5,3,5,2,4,5,5,4,1,5,3,5,2,5,2,5,5,2,1,1,3,1,5,4,5,2,1,2,3,1,5,2,3,1,1,5,4,4,4,2,5,3,3,5,5,2,2,4,5,5,2,3,2,4,1,4,4,2,5,2,4,3,2,1,5,4,4,2,2,5,5,4,1,5,1,2,5,4,1,3,3,4,4,5,1,5,2,4,5,1,2,5,1,2,4,1,1,3,5,2,3,3,3,1,5,1,5,1,3,3,4,4,5,3,5,3,3,2,2,5,1,1,2,5,3,4,3,2,5,2,2
Lucía Castro,5,4,1,1,1,1,2,2,5,2,2,4,5,3,4,1,3,4,4,2,3,1,5,3,4,3,3,1,1,2,3,2,2,5,2,3,4,3,2,2,4,4,2,1,3,1,5,3,3,1,1,2,2,1,4,4,5,2,4,2,1,5,2,5,2,1,1,2,4,4,1,4,3,1,1,4,5,3,3,3,4,3,5,5,4,2,2,1,4,3,5,5,5,3,4,2,5,3,5,4,4,2,3,4,5,5,4,5,4,4,5,5,4,4,4,5,3,1,5,5,3,2,3,5,1,4,1,5,4,1,5,4,3,2,5,4,3,3,2,4,4,1,1,1,5,5,3,5,3,5,1,5,1,1,1,1,4,2,1,3,3,3,5,3,4,4,4,1,3,3,2,1,3,4,4,2,3,5,5,3,1,5,2,4,5,1,1,5,5,3,3,4,2,5,5,3,5,3,5,5
Nicolás Jiménez,2,5,5,5,4,3,3,4,1,4,1,4,3,5,4,4,5,2,1,2,1,5,4,5,5,2,3,5,2,2,5,5,5,5,2,3,2,1,3,3,4,5,2,1,3,1,4,1,5,5,1,4,4,3,2,1,4,3,3,3,1,2,2,4,5,1,4,4,3,3,5,4,4,5,2,2,5,5,3,2,4,3,3,3,4,1,4,5,3,1,2,3,2,4,3,5,3,1,2,2,2,1,2,1,5,3,5,1,1,1,2,2,2,4,2,5,1,5,4,1,5,3,3,3,4,2,5,5,4,2,3,1,3,5,2,2,4,5,2,4,4,3,2,5,3,4,1,3,4,5,3,1,2,1,4,4,4,1,1,2,2,2,2,5,5,1,1,1,4,2,4,1,1,5,5,4,2,4,3,1,2,3,4,4,1,1,4,3,3,3,1,5,5,1,2,1,1,1,2,5
María Ruiz,4,4,4,2,3,2,1,4,4,3,5,2,3,3,4,3,4,3,3,1,4,4,4,2,5,3,5,1,3,3,5,3,5,4,2,4,5,3,3,2,1,5,3,3,5,1,2,5,3,3,5,1,2,3,3,4,5,1,1,1,4,4,3,1,5,1,5,2,1,4,3,4,3,1,1,3,3,5,4,2,3,5,5,4,3,1,3,2,2,1,2,4,1,5,2,5,5,1,1,1,4,2,2,5,5,2,3,2,4,1,2,5,3,2,2,2,5,5,2,4,2,2,2,2,2,1,5,3,1,2,4,4,2,5,2,5,5,3,3,3,5,3,5,5,4,5,5,5,1,5,4,2,5,5,4,3,4,2,4,2,2,1,1,3,5,1,1,1,4,2,4,2,3,4,5,2,1,1,2,1,1,3,1,4,3,1,1,5,3,1,4,2,2,2,1,4,5,4,2,1
Santiago Díaz,3,5,4,3,1,5,5,1,3,5,1,1,2,5,5,1,2,3,4,1,2,3,1,1,4,5,3,2,4,5,2,3,5,3,4,2,2,1,1,2,5,3,1,5,1,2,4,5,4,4,2,5,2,2,3,4,4,1,4,3,4,1,4,4,4,4,2,4,1,1,2,2,5,1,5,5,3,4,4,5,1,4,3,2,5,1,2,3,2,1,5,3,1,1,2,2,4,4,5,3,4,1,2,5,4,5,2,5,1,4,5,4,4,2,4,1,2,5,3,4,4,3,1,2,5,4,3,3,3,1,4,3,1,2,2,1,4,1,1,5,3,2,4,5,4,2,5,3,5,4,4,2,2,4,3,5,4,2,4,1,5,3,1,2,1,1,1,1,4,4,2,4,4,4,1,4,5,1,1,5,5,1,1,1,3,4,4,1,4,5,2,3,4,3,4,3,2,2,5,4
Gabriela Ortiz,1,3,5,3,5,3,2,3,3,2,4,3,2,1,2,4,4,1,3,4,4,1,5,1,4,4,4,2,3,2,4,4,4,2,3,2,3,2,3,5,5,5,2,5,5,3,5,5,3,5,1,3,5,2,4,3,4,1,3,5,3,4,3,5,5,1,2,5,2,1,5,2,3,3,5,2,4,1,1,5,4,5,1,4,1,1,5,4,3,4,2,5,1,4,1,4,5,1,1,4,4,5,5,2,2,4,2,3,3,1,5,4,5,4,3,3,1,4,4,3,4,5,5,5,2,2,4,5,3,1,4,2,1,5,1,2,5,3,2,5,2,1,5,3,4,2,3,5,2,3,1,4,1,1,2,2,3,4,1,2,4,4,3,1,2,4,1,5,5,2,2,2,5,5,4,5,1,4,1,4,5,5,2,4,2,2,2,5,3,1,1,3,1,1,5,5,4,4,2,4
Andrés Vargas,5,3,3,2,3,2,5,3,3,1,4,4,3,5,4,5,4,4,2,5,2,4,4,5,4,4,2,1,4,1,2,1,1,3,5,1,4,5,4,1,2,1,4,1,3,1,3,3,2,3,1,3,1,5,2,1,4,1,4,3,4,3,4,4,2,1,5,4,5,1,3,4,3,2,2,2,2,3,1,5,5,5,1,5,5,2,1,2,1,2,4,2,3,5,1,4,3,2,1,1,2,5,3,2,4,3,4,3,3,3,3,3,5,3,5,4,4,3,1,2,4,4,1,3,1,5,2,4,5,3,4,3,1,3,2,5,4,3,4,2,2,1,1,4,4,3,1,5,5,2,2,5,3,2,1,5,1,3,1,3,1,3,1,1,3,4,2,2,5,5,1,1,2,3,1,2,1,4,3,5,1,5,1,1,3,4,4,1,1,3,3,1,5,5,4,2,4,2,3,1
Paula Morales,1,5,2,4,4,1,4,3,3,5,4,5,2,5,3,4,5,4,1,2,4,5,1,4,4,2,1,4,4,2,1,4,1,4,3,1,4,5,2,4,4,5,3,1,3,1,1,5,3,5,1,1,2,3,1,4,4,2,4,4,1,3,2,3,5,4,1,3,5,2,5,5,2,3,5,1,5,3,4,4,5,3,3,2,3,3,5,4,3,2,1,3,3,1,5,1,3,3,5,2,3,3,4,4,4,4,1,4,4,3,2,1,2,4,3,4,2,3,4,1,5,3,3,1,3,5,3,1,5,5,5,3,1,1,5,2,2,3,4,2,4,3,1,1,1,4,1,2,1,2,1,2,4,2,5,1,1,3,3,4,4,5,5,4,1,4,1,2,3,2,3,3,1,2,5,2,5,4,5,4,1,5,2,3,4,4,1,5,2,5,1,5,4,3,1,4,3,2,3,3
Juan Paredes,4,1,1,3,2,5,2,5,4,4,4,5,4,4,4,2,4,2,2,2,4,5,3,3,1,1,2,1,4,2,2,4,2,2,2,2,5,3,4,3,3,1,4,5,5,2,4,5,3,1,5,3,3,4,1,5,1,4,2,4,2,4,5,1,4,4,5,1,4,3,2,3,5,4,1,3,5,5,3,3,2,5,1,2,3,3,3,3,1,5,2,1,3,5,5,4,3,2,5,1,3,2,2,3,5,1,5,3,5,5,1,3,4,2,2,2,3,5,1,4,3,1,4,5,5,2,2,3,4,5,5,3,5,3,5,5,2,3,5,4,4,5,1,1,5,3,4,5,4,5,1,3,5,5,4,3,4,3,2,1,2,2,5,5,2,1,2,3,2,4,4,4,2,2,5,3,5,4,1,2,1,3,5,3,2,2,3,2,3,4,3,3,3,1,4,4,2,3,3,2
Ana Navarro,1,5,5,1,5,2,4,2,1,5,2,4,2,4,5,1,4,1,4,5,3,1,5,3,2,2,5,3,4,2,2,2,3,2,4,5,4,2,3,5,4,1,1,4,2,5,1,2,1,5,4,2,2,2,4,3,3,5,2,1,1,5,3,5,1,1,3,5,3,1,4,3,3,4,4,1,5,4,1,5,1,5,4,3,2,3,5,1,2,1,3,4,3,3,2,1,4,5,4,2,3,4,5,2,5,1,1,3,3,1,3,2,4,4,4,3,1,3,3,1,5,1,3,3,3,2,3,5,4,3,2,5,4,3,1,5,4,1,3,3,3,2,5,5,2,3,4,1,5,3,5,1,2,3,4,3,4,4,5,1,3,2,1,3,4,5,3,4,2,5,3,5,4,1,5,4,2,4,3,4,4,5,3,5,3,2,2,4,2,3,1,4,4,4,5,3,1,4,4,1
Felipe Ríos,5,2,4,2,1,2,3,2,2,5,5,4,4,3,1,4,2,3,3,1,1,4,4,5,4,3,1,4,4,2,1,2,2,3,1,1,4,3,1,3,5,4,5,5,3,3,1,2,1,1,5,3,2,1,4,1,5,4,1,3,5,5,2,1,1,2,4,3,3,4,5,2,5,5,1,2,4,4,2,4,1,4,5,3,4,5,4,4,1,5,2,2,2,2,3,1,2,1,3,5,5,4,5,4,1,3,5,1,1,1,3,3,3,5,3,2,1,2,1,2,1,3,4,3,1,5,3,2,5,3,2,5,2,3,4,3,2,2,2,5,4,5,2,1,4,4,5,1,5,4,3,3,5,2,5,3,5,2,5,1,1,5,3,1,3,3,5,2,4,4,1,5,5,3,3,5,3,4,5,4,4,1,4,2,4,5,3,4,1,2,4,1,2,3,3,1,4,2,5,1
Laura Mendoza,3,1,1,4,5,3,2,2,3,3,3,3,1,1,2,2,2,5,3,4,5,5,2,5,5,1,2,1,4,5,4,4,4,3,2,5,3,1,3,5,3,5,4,5,3,3,5,1,3,2,3,1,3,4,4,1,4,2,3,1,1,5,3,3,5,3,5,1,1,1,1,4,5,2,2,2,1,5,3,4,3,4,1,3,4,2,4,5,4,2,1,2,4,2,1,2,4,1,2,1,1,2,3,1,2,1,4,3,3,4,2,4,1,2,4,3,3,3,3,2,5,4,4,2,2,2,2,5,2,2,4,1,5,3,3,3,4,4,1,2,3,1,3,3,3,3,3,3,2,2,4,2,4,1,1,4,5,3,1,5,4,3,5,2,2,5,1,2,1,1,2,4,3,2,5,1,2,3,1,5,3,1,3,2,5,3,2,1,1,3,3,3,2,2,1,4,5,4,5,1
Carlos Silva,4,1,2,5,2,2,1,3,1,4,3,5,5,3,5,3,2,3,4,2,3,3,1,4,2,5,1,5,2,2,4,4,1,5,3,1,1,4,5,2,4,3,4,4,3,5,2,4,3,2,5,5,4,4,5,4,5,4,2,1,4,5,5,4,4,2,1,1,2,2,5,3,1,3,1,2,2,4,3,2,3,2,4,1,4,5,1,2,4,5,1,2,2,2,1,1,5,3,5,4,1,2,1,2,2,1,4,5,5,5,5,4,3,1,5,3,2,3,1,2,5,2,5,1,3,5,3,3,3,4,4,1,3,2,4,3,5,5,2,5,4,2,2,1,2,1,2,2,1,1,2,4,5,4,2,2,3,2,2,3,3,1,3,1,3,5,1,4,5,2,4,5,3,2,2,3,1,4,5,2,4,3,1,4,3,3,4,4,3,3,5,4,1,3,2,5,3,3,3,5
Natalia Rojas,2,2,3,3,3,3,5,5,3,4,5,4,2,5,3,1,2,5,2,3,2,1,4,3,5,5,1,2,5,3,3,2,1,3,1,2,3,1,4,2,5,5,2,2,3,2,2,4,1,3,4,2,3,5,5,1,3,2,5,1,5,4,3,4,3,3,1,5,3,2,5,2,3,1,5,4,1,2,4,2,4,5,5,4,3,3,3,3,3,2,2,3,2,2,4,2,2,3,2,1,4,2,3,5,1,4,1,2,4,4,2,2,5,2,5,3,4,5,5,1,5,1,5,5,3,3,4,4,1,3,3,5,3,4,3,4,4,2,3,1,2,2,2,4,2,1,3,5,3,3,2,2,3,2,3,5,4,1,3,3,4,5,5,3,2,4,2,3,5,1,4,4,2,5,2,3,4,4,5,3,4,2,2,2,3,1,3,3,4,4,4,3,3,4,3,2,1,1,5,5
Eduardo Medina,5,2,3,1,3,1,4,5,3,1,5,1,1,2,5,1,2,3,5,5,1,5,1,5,5,1,4,1,3,1,1,4,4,3,5,5,4,5,1,3,2,4,2,2,3,2,3,3,2,5,1,1,5,3,1,3,4,2,2,3,4,4,2,2,4,2,4,4,5,3,4,2,4,5,5,3,2,5,1,3,4,4,2,3,3,5,1,5,3,5,2,3,2,4,2,1,2,5,1,5,2,4,1,3,1,1,5,3,4,4,2,2,2,4,3,1,1,4,4,1,4,2,1,2,2,2,3,5,4,5,5,5,4,3,1,3,4,3,1,2,2,4,3,1,5,4,1,3,2,2,3,1,3,3,4,5,1,3,3,1,5,1,1,4,4,4,2,3,3,4,2,4,3,4,2,1,3,3,4,4,4,5,2,4,3,5,4,3,3,2,1,5,5,5,1,2,4,4,4,4
Daniela Cordero,2,1,3,1,5,1,1,5,2,2,3,1,2,5,1,4,4,4,1,3,2,4,3,1,1,1,3,2,2,3,3,2,2,1,2,5,3,3,1,4,5,5,4,3,5,1,1,5,3,3,1,4,3,4,5,5,4,1,1,3,4,2,5,5,2,5,3,3,2,3,2,2,3,1,1,1,4,5,1,2,2,2,3,5,5,4,1,4,5,3,3,1,2,4,3,1,4,3,5,3,1,1,3,2,1,3,2,3,5,4,5,2,2,5,4,2,4,1,2,3,5,5,5,5,4,5,1,1,5,2,3,4,2,5,2,2,1,5,2,4,2,4,1,5,2,3,1,2,2,5,1,3,2,4,4,3,4,5,2,5,5,1,1,3,3,1,2,2,1,4,4,4,4,2,5,3,5,5,2,1,1,3,5,1,5,5,3,5,2,4,4,3,1,4,4,3,5,3,1,1
Manuel Peña,1,4,3,5,4,2,5,1,4,2,1,3,3,5,1,3,5,3,1,1,1,1,5,2,2,3,3,5,5,2,3,3,1,5,2,2,1,5,2,1,5,4,3,2,1,3,4,4,3,5,1,1,1,3,4,3,1,4,1,4,5,1,5,3,1,5,2,4,3,1,4,4,5,5,2,4,4,1,1,3,4,1,3,3,3,1,5,3,1,5,4,4,2,2,3,3,4,4,4,2,4,1,5,2,2,2,3,5,1,5,5,2,3,4,3,3,5,3,4,1,1,2,1,5,4,4,5,5,4,2,4,2,4,2,4,3,3,4,5,4,4,3,3,2,4,4,2,4,3,3,1,1,1,2,4,1,1,2,3,3,2,5,4,1,1,2,4,3,2,5,4,1,5,5,3,1,5,2,2,2,3,2,3,3,5,2,3,2,1,2,2,2,2,2,3,3,1,5,5,2
Jimena Aguilar,4,2,1,3,2,1,1,3,5,4,1,4,2,5,3,3,3,1,1,4,4,4,2,2,5,4,1,1,5,5,3,1,5,4,3,1,2,2,4,1,5,3,2,1,3,4,5,1,3,1,1,1,4,3,1,5,1,3,1,1,5,2,2,2,5,5,4,1,5,3,5,2,5,2,5,1,1,2,2,3,3,3,5,5,1,1,2,1,3,4,5,2,5,5,2,5,4,3,1,2,3,1,3,2,3,2,4,2,4,3,4,2,3,1,1,4,3,5,5,2,5,5,4,5,4,4,3,3,1,3,5,3,5,5,5,3,2,5,5,2,5,4,4,3,2,1,2,1,3,4,1,3,1,2,1,1,2,4,3,1,3,1,4,5,2,5,2,1,2,2,1,2,1,1,4,5,2,2,2,2,5,2,1,5,2,4,2,4,2,2,5,5,1,3,2,3,4,2,3,1
Luis León,2,3,4,2,3,1,1,3,2,5,1,5,1,4,1,1,1,5,5,1,5,2,4,4,5,5,5,2,4,5,4,2,5,3,5,5,1,3,2,4,2,4,1,1,1,1,1,1,3,5,3,2,2,2,1,3,3,2,5,1,5,1,3,5,5,5,4,5,3,4,3,3,2,4,4,4,3,1,4,1,5,1,1,1,4,4,1,1,4,1,4,3,5,5,4,4,5,3,4,4,4,4,1,5,4,3,2,1,1,4,1,4,3,1,4,4,4,4,3,5,2,5,2,5,1,4,4,3,1,5,1,3,2,4,2,3,3,5,4,5,1,1,2,1,2,1,3,2,2,5,1,4,3,4,3,5,4,3,2,3,2,4,5,4,2,2,5,3,3,4,5,1,3,3,5,5,2,3,4,5,4,5,3,1,2,3,1,1,2,3,3,1,4,1,2,2,2,3,5,4
Sara Guzmán,3,5,1,1,4,1,2,5,2,5,5,3,4,5,5,2,5,4,3,3,1,1,5,5,2,5,5,5,5,1,5,5,4,5,5,4,3,5,5,1,3,5,4,5,5,3,3,3,2,1,2,2,1,2,1,5,5,5,1,4,1,5,2,2,2,4,3,3,3,2,4,3,3,3,1,1,5,4,3,5,2,1,3,2,2,3,2,3,5,2,4,2,4,2,4,1,2,2,4,2,3,4,4,1,4,4,4,1,4,4,1,4,4,3,2,4,2,2,1,1,5,5,3,2,1,2,3,2,3,2,1,1,5,3,5,2,4,2,3,3,5,4,5,1,3,2,1,5,4,2,4,5,1,2,2,5,2,1,3,2,1,2,3,3,3,2,1,4,5,4,3,3,5,2,5,2,2,5,1,1,1,5,5,5,2,3,2,1,3,5,4,1,5,2,1,4,5,5,4,2
Antonio Valencia,3,4,4,2,3,5,3,4,3,5,4,1,1,2,5,4,4,1,1,1,3,5,5,2,2,2,2,4,1,5,1,2,1,3,3,2,3,1,2,2,2,4,1,5,3,2,1,5,2,1,1,1,5,4,1,1,2,4,1,2,4,5,4,3,2,3,3,4,2,2,5,4,3,4,3,5,1,3,5,4,1,3,2,3,4,1,4,3,4,2,3,2,1,5,4,5,4,5,5,5,4,3,4,1,5,3,5,1,1,1,4,1,4,1,1,5,4,5,3,1,1,1,2,3,2,4,1,5,1,5,2,1,2,5,1,1,3,5,4,5,2,1,1,1,3,4,5,3,5,3,2,2,2,2,4,5,5,3,4,3,5,4,5,4,3,5,2,5,5,4,4,5,5,5,4,1,2,1,2,3,2,3,1,1,2,4,2,5,4,4,3,4,4,1,1,1,4,2,5,2
Victoria Castro,2,2,5,1,5,4,2,3,5,3,1,2,3,2,5,5,2,3,3,3,4,2,5,4,3,5,4,2,2,3,2,4,1,3,3,3,4,4,1,2,5,2,3,3,2,2,3,5,5,4,3,2,4,3,1,2,4,4,2,5,5,2,5,5,4,4,4,4,1,1,1,5,2,1,3,4,2,4,5,3,3,2,4,3,3,4,1,5,4,3,4,1,1,1,2,2,3,4,5,5,1,2,2,5,5,5,3,5,5,3,1,4,5,2,3,5,5,5,1,5,2,5,1,3,3,4,5,3,3,4,2,5,2,4,2,2,3,3,5,5,1,4,4,2,4,3,2,1,5,2,5,4,4,5,2,2,1,3,4,5,2,5,3,2,3,2,4,4,4,5,2,3,5,4,1,2,4,2,4,1,2,3,5,2,2,4,3,4,5,3,4,1,5,5,3,2,5,1,5,4
Francisco Soto,1,3,5,2,1,3,5,3,5,2,1,3,3,5,5,1,3,2,5,3,3,1,1,2,5,3,2,4,4,5,4,2,4,4,2,1,1,2,3,5,3,2,2,3,3,5,3,3,2,5,3,1,2,5,3,3,1,1,4,2,1,5,3,4,2,3,1,4,3,5,3,5,2,5,4,5,1,1,4,1,1,3,5,5,4,1,5,5,5,3,3,1,4,2,5,2,5,1,5,1,3,1,1,1,1,1,1,1,2,3,2,2,5,3,3,2,5,2,4,1,1,5,4,2,2,3,3,3,3,2,2,3,3,4,4,3,4,3,1,5,3,4,4,3,2,1,5,5,2,2,5,5,5,2,1,5,3,2,5,5,1,4,5,3,1,1,5,2,1,4,5,1,2,1,5,2,1,3,5,1,5,1,1,5,3,1,4,2,3,4,3,5,1,2,3,3,4,1,2,2
Andrea Peralta,1,5,4,4,1,3,1,3,3,3,4,5,1,2,5,5,3,4,3,5,1,1,3,1,5,2,4,5,1,3,1,5,1,3,5,3,3,3,1,1,2,2,1,2,5,2,5,1,4,1,4,4,3,5,5,2,4,3,4,1,3,1,2,5,3,2,4,3,2,1,4,5,5,2,2,4,2,4,3,3,5,3,3,3,1,2,1,1,5,3,2,5,4,4,4,5,3,3,4,1,4,1,3,5,1,3,1,4,2,2,3,2,2,4,1,4,5,2,5,2,4,5,1,2,3,2,5,4,2,5,5,5,3,2,3,5,1,2,4,2,3,3,2,4,1,1,3,5,3,5,5,4,2,1,4,4,4,2,5,2,2,1,5,2,1,5,1,5,3,2,5,5,4,5,5,4,5,3,3,2,2,1,3,3,4,2,4,5,3,1,1,5,3,1,3,2,3,4,5,4
Pedro Méndez,5,2,5,4,3,1,5,5,4,2,5,1,4,3,4,1,1,1,3,1,2,4,5,3,1,3,1,4,5,5,3,2,1,1,3,3,4,5,2,2,5,3,2,4,2,3,2,4,4,1,5,4,5,5,5,1,2,2,4,4,2,1,2,4,3,5,3,1,2,2,5,5,1,5,2,5,2,5,2,4,4,5,2,1,1,2,1,2,4,5,2,1,2,1,3,2,2,1,5,3,4,5,1,4,3,1,5,4,4,5,3,5,2,3,2,5,5,1,5,3,3,4,2,2,5,2,5,2,2,3,3,4,3,5,3,4,2,5,2,1,1,1,4,4,3,5,1,5,2,5,1,5,2,1,5,4,3,5,1,1,2,2,4,2,5,3,4,5,3,1,4,5,4,2,4,2,2,4,3,1,3,5,3,5,2,4,4,3,2,1,5,5,2,3,3,5,2,4,3,2
Alejandra Fuentes,5,2,1,2,4,3,2,2,1,3,1,1,5,1,5,4,3,4,1,1,5,3,4,1,1,2,3,2,2,4,3,1,1,4,5,5,5,1,2,4,5,1,5,5,2,2,2,3,1,4,2,4,1,5,5,2,2,1,3,5,2,4,1,5,5,3,3,1,1,4,5,5,3,5,4,5,2,1,4,4,3,3,4,5,1,1,1,4,3,2,4,1,2,5,1,2,4,1,1,5,4,5,5,2,2,4,1,3,3,4,3,5,3,1,2,3,3,3,1,4,3,1,4,4,3,2,4,4,5,2,2,2,3,2,5,3,2,5,3,5,1,1,4,3,5,2,5,3,3,3,3,3,4,2,3,5,3,1,2,2,3,3,3,3,4,1,2,2,5,4,3,2,5,1,2,1,5,1,3,3,2,2,1,3,1,3,1,5,1,4,3,3,1,1,4,2,3,2,1,4
Miguel Delgado,5,2,2,1,5,4,2,1,1,1,3,1,2,5,5,3,1,3,4,4,2,3,1,5,1,3,3,2,3,3,2,5,3,3,1,1,4,3,4,2,3,3,1,4,3,1,3,5,5,5,1,4,4,4,1,1,5,2,5,4,2,4,2,4,4,1,3,3,2,5,2,2,3,3,3,2,5,3,5,3,1,1,4,2,2,3,5,4,3,3,1,2,5,4,1,3,4,3,5,5,2,4,3,4,5,4,4,3,3,5,3,3,2,4,4,2,2,3,5,4,1,4,3,1,5,4,4,1,3,2,1,3,5,5,3,2,4,1,3,2,4,2,2,4,2,3,5,3,3,4,5,1,3,1,4,5,4,3,2,2,1,4,2,5,3,1,2,3,3,2,4,3,1,3,1,5,1,1,2,5,1,2,5,5,1,5,2,1,2,3,1,1,4,3,4,5,1,1,3,4
Clara Rivas,3,2,3,3,3,2,5,4,5,2,3,4,4,1,1,3,4,2,2,5,4,3,3,1,2,1,2,1,5,2,5,3,1,3,4,4,4,5,1,5,2,2,5,1,3,1,5,5,5,5,1,3,3,1,1,5,4,4,2,3,2,4,2,1,3,3,4,1,3,1,3,3,2,3,5,5,5,3,3,3,3,3,1,2,2,1,5,3,4,3,2,4,5,2,5,2,1,3,1,1,1,3,1,1,5,4,2,1,1,4,1,5,4,3,4,4,5,4,1,4,3,5,2,4,2,5,3,1,4,5,3,2,3,1,5,4,5,4,1,2,1,1,2,2,2,2,1,4,3,3,1,5,3,1,2,4,2,3,1,3,5,2,1,5,5,1,2,1,5,4,5,1,2,1,5,2,4,1,3,2,3,1,2,1,3,2,3,3,4,4,2,1,3,5,2,3,1,5,4,5
Rafael Cárdenas,2,1,1,4,2,2,1,1,1,2,1,1,2,1,5,1,4,2,4,3,5,4,4,3,5,4,4,4,5,2,3,4,2,1,2,2,5,3,1,2,1,3,3,4,3,4,2,2,1,1,4,2,4,1,1,2,1,4,4,5,1,2,2,5,1,5,4,4,2,5,5,1,2,4,1,1,1,3,4,5,4,4,4,5,1,2,5,2,5,1,1,4,1,3,2,4,2,2,5,4,3,1,4,3,2,1,1,4,3,1,5,2,2,5,5,1,3,5,5,4,1,3,4,4,2,5,3,1,3,3,1,4,2,3,1,1,2,2,3,3,1,1,3,1,3,1,2,4,2,1,5,2,4,1,2,5,3,3,3,2,3,1,5,3,1,1,5,2,3,3,2,5,1,5,5,2,3,4,4,1,1,2,3,4,2,5,5,5,5,3,4,5,2,2,3,5,5,4,5,4
Elena Reyes,4,4,4,5,5,2,5,5,4,2,1,3,2,3,5,4,1,4,1,5,2,5,5,1,4,4,4,1,2,2,4,2,3,3,1,4,2,3,3,4,1,2,4,2,4,4,5,2,3,3,5,5,2,4,4,4,3,3,2,2,5,1,4,3,3,4,3,2,5,3,3,4,4,1,3,5,5,5,2,2,1,1,1,4,4,2,3,5,4,3,5,5,5,2,4,1,5,4,2,2,4,3,1,4,5,2,1,3,1,3,2,4,3,2,3,2,2,5,3,3,1,5,1,5,1,5,5,3,5,5,1,2,3,4,3,3,1,1,2,1,1,4,4,3,2,3,4,3,3,2,5,4,2,4,1,3,4,5,5,2,3,3,2,3,5,2,1,5,5,4,1,5,4,1,3,4,2,1,2,1,3,5,4,5,4,3,1,5,5,3,2,3,4,2,4,1,3,1,5,1
José Salazar,1,1,4,3,5,5,4,5,1,4,2,3,3,4,5,3,2,2,5,1,1,3,4,3,4,1,2,5,3,2,1,3,2,2,4,5,1,5,2,5,4,4,4,4,3,2,2,3,4,2,2,4,5,5,1,5,5,5,5,1,3,4,4,1,5,2,3,4,2,2,1,4,2,5,1,5,5,3,2,2,3,3,5,2,5,5,5,1,2,4,5,4,4,1,4,1,3,4,4,3,3,4,1,4,3,5,1,5,5,4,4,4,4,2,1,2,2,3,5,1,5,2,5,4,5,5,1,3,4,3,5,5,3,5,2,4,1,4,2,3,2,2,1,3,5,5,3,1,2,4,2,5,4,1,2,4,5,3,4,3,3,5,5,1,5,4,2,5,5,5,5,2,3,1,2,3,2,2,5,5,3,2,1,5,4,2,4,4,3,1,3,2,5,3,3,2,1,2,1,1
Martina Pacheco,4,2,1,2,1,1,2,3,3,2,1,3,5,2,2,2,2,4,2,5,4,4,3,5,1,5,3,3,2,3,4,3,3,4,1,3,2,4,1,3,3,3,1,1,2,4,4,4,4,1,4,5,3,2,3,5,3,4,3,4,2,3,4,2,3,5,2,5,5,2,1,3,1,4,1,3,2,4,3,3,3,4,5,4,2,3,5,1,4,3,4,1,5,5,3,3,2,2,1,2,1,4,5,4,2,5,5,2,2,2,5,5,4,5,5,3,5,5,2,3,4,3,2,2,2,2,2,3,1,4,3,2,3,4,3,4,2,3,5,4,3,5,5,3,1,3,3,3,2,5,5,4,5,4,1,4,1,2,3,4,1,2,5,1,5,2,1,2,2,4,1,5,2,1,5,1,3,5,5,3,1,5,1,2,5,2,5,4,5,3,2,4,2,5,5,2,5,1,3,4
Guillermo Miranda,3,4,4,4,3,4,4,3,1,1,4,3,1,2,2,3,4,5,2,3,5,4,3,4,4,1,5,5,4,1,2,3,1,3,1,4,3,2,2,4,1,3,1,1,5,4,2,2,5,4,4,3,4,5,1,5,2,2,1,1,2,5,4,4,5,4,5,5,3,5,5,3,2,1,4,4,2,2,4,4,1,1,5,5,3,3,1,2,4,4,2,2,4,2,3,3,1,5,2,2,5,5,1,2,3,1,2,3,5,1,1,1,2,3,4,2,3,1,1,1,4,1,1,2,3,3,4,4,1,5,1,1,2,2,1,4,2,4,3,5,5,4,4,3,5,3,2,3,3,3,4,3,2,2,4,4,2,5,4,4,3,4,1,2,5,5,3,1,4,3,4,1,3,3,4,3,2,1,2,3,2,2,1,2,5,1,3,1,3,3,2,5,1,2,3,4,3,4,2,1
Adriana Benítez,4,5,3,2,3,1,5,5,3,4,4,5,1,5,1,2,3,3,5,2,2,5,5,5,1,1,3,5,5,3,1,4,1,3,1,4,4,3,1,3,1,1,2,2,4,5,3,5,4,4,5,4,5,1,2,5,1,5,2,2,1,3,2,2,2,5,5,5,5,1,3,1,2,4,3,1,3,5,2,2,5,4,1,3,5,3,3,5,5,2,4,1,1,5,3,4,2,5,5,3,3,2,1,1,5,3,2,2,3,2,5,4,5,2,2,2,1,2,4,5,1,1,2,3,5,3,2,3,1,5,3,2,4,2,4,4,3,1,5,4,1,1,4,4,1,5,2,3,2,3,4,3,3,1,2,2,3,5,1,2,5,1,3,5,5,2,4,2,3,4,4,5,3,1,4,4,1,4,1,1,1,4,4,1,4,1,2,3,5,2,5,4,4,1,2,4,5,2,5,5
Fernando Ochoa,1,3,1,5,1,1,3,5,3,4,5,5,5,4,1,4,5,3,3,5,3,2,3,3,5,4,5,3,4,4,4,3,3,4,2,5,2,2,2,3,1,3,5,4,3,5,1,5,1,2,2,1,4,4,2,2,3,2,4,2,5,2,1,5,4,2,4,2,2,4,5,2,1,5,2,2,1,1,1,5,1,5,5,1,1,4,3,1,4,3,2,2,3,2,1,2,5,3,5,4,2,2,2,3,5,5,5,3,5,1,4,4,5,5,4,1,2,5,5,1,2,5,2,4,1,4,4,1,4,5,4,3,4,2,4,4,1,4,2,2,2,1,1,2,1,3,1,5,4,2,2,1,2,4,3,1,2,1,5,3,2,3,5,3,1,1,3,3,4,4,4,4,5,1,1,5,5,1,3,5,4,4,3,4,4,5,1,2,1,5,1,5,2,2,3,5,4,4,3,1
Carolina Solís,1,5,4,4,5,1,1,4,2,4,4,3,5,4,4,5,2,2,3,5,1,5,3,3,5,3,5,1,3,4,3,5,1,4,5,5,2,2,5,2,5,3,2,3,2,1,1,5,3,3,4,2,3,5,3,4,5,4,2,5,1,3,1,5,1,5,1,1,4,4,5,1,2,2,5,5,2,5,5,1,4,3,5,2,3,1,2,1,3,4,5,3,1,3,4,5,1,4,3,2,3,5,1,4,5,2,1,1,4,5,1,2,1,2,1,1,3,3,1,4,1,1,2,5,2,3,1,4,4,2,5,1,2,5,5,1,4,4,3,1,2,3,5,2,4,5,5,5,4,1,3,1,4,5,1,5,1,1,1,5,5,1,3,5,2,2,4,2,2,2,2,5,5,4,4,3,3,3,1,2,4,1,3,5,4,5,2,5,2,1,3,1,5,5,1,3,5,5,4,2
Ángel Vega,4,1,4,3,2,3,2,1,4,2,5,2,2,5,1,1,1,1,5,2,5,1,2,5,2,2,2,2,4,2,3,5,1,2,5,1,4,1,2,1,1,2,3,5,2,3,2,1,2,1,4,4,5,3,1,3,4,3,4,4,1,4,2,4,5,4,1,5,2,2,2,2,5,4,3,5,5,5,5,1,2,5,1,4,3,4,5,2,3,2,3,5,3,2,5,3,4,4,2,1,3,4,4,4,4,5,4,3,4,1,4,3,4,4,1,3,2,1,3,2,3,2,4,1,2,5,3,1,2,4,1,5,4,4,2,5,4,5,4,1,3,5,3,3,5,4,5,5,5,3,1,3,5,2,3,5,4,4,3,2,5,5,5,4,2,4,2,1,4,2,5,2,1,5,1,1,5,1,5,3,1,4,2,1,2,4,2,3,4,2,2,4,1,3,1,2,5,1,5,4
Patricia Gallegos,3,2,4,3,4,3,5,2,5,5,3,5,1,5,3,5,4,1,3,2,2,2,5,1,3,3,5,3,2,2,3,5,3,2,4,1,4,1,1,4,2,5,3,2,1,4,1,4,1,2,1,1,5,4,2,4,4,4,3,2,2,4,4,2,4,1,1,3,4,2,4,2,2,3,5,2,1,4,4,3,1,3,3,3,2,1,1,2,4,4,5,1,3,3,5,4,4,2,4,3,2,3,2,4,4,5,5,3,5,2,4,3,3,1,4,1,2,4,5,2,2,4,1,3,5,5,2,2,1,5,5,4,1,5,2,1,5,5,5,3,1,1,3,4,4,3,5,2,3,3,1,1,1,4,4,1,2,2,4,1,3,3,2,3,4,4,5,2,1,4,3,4,2,5,1,2,4,2,5,3,1,2,1,5,4,4,5,4,5,4,5,5,2,4,5,5,2,2,4,1
Ricardo Paredes,3,1,5,5,1,2,5,1,5,2,4,2,3,5,3,5,2,3,3,5,1,1,3,4,2,1,4,1,4,2,4,5,3,1,3,3,3,2,1,4,3,3,4,5,3,5,1,3,5,1,4,2,2,3,3,1,3,2,2,2,3,5,1,1,5,5,1,1,1,5,1,2,2,5,3,4,5,2,2,5,1,5,5,1,1,5,4,5,4,2,4,3,4,3,4,2,2,5,3,5,5,1,2,1,4,3,3,4,5,2,4,5,3,5,2,1,2,3,1,3,1,4,5,5,1,3,4,4,4,1,4,2,4,2,3,1,2,1,1,1,3,3,3,1,2,4,1,2,4,1,1,5,5,2,5,5,2,1,3,2,2,5,3,1,2,4,4,1,2,5,5,1,1,3,4,4,4,3,5,4,4,5,2,1,5,3,1,5,2,4,1,1,4,3,1,5,5,2,4,1
Beatriz Cervantes,1,2,3,5,3,2,4,1,5,1,1,1,5,1,2,1,3,5,4,4,4,5,3,1,2,2,4,4,1,5,1,1,5,5,1,5,2,5,5,3,2,2,4,1,3,4,2,1,2,1,5,1,2,4,1,5,2,2,1,1,4,1,5,3,5,2,1,1,2,1,3,5,4,3,5,2,1,3,5,5,4,4,3,2,2,1,5,4,4,4,1,4,2,2,1,3,1,1,3,5,4,4,1,4,2,1,4,2,2,1,4,5,5,1,1,1,5,4,4,1,5,3,1,3,1,1,1,3,4,2,2,4,3,4,2,3,5,1,1,2,3,5,1,4,2,5,4,4,4,1,1,4,1,4,3,4,4,1,4,2,1,1,2,4,4,3,4,5,1,1,2,4,1,4,3,5,3,4,1,2,3,5,4,2,2,1,2,2,3,2,1,2,3,5,5,2,3,2,2,5
Emilio Campos,4,4,4,5,5,5,2,5,2,1,2,1,1,2,5,5,5,4,3,5,5,2,1,4,4,5,3,1,4,5,1,4,3,4,3,2,3,5,1,4,1,5,2,2,4,3,3,3,2,3,5,2,1,4,1,4,4,5,3,3,5,4,1,1,4,1,3,3,2,1,2,2,5,5,3,1,3,5,3,3,5,5,2,1,4,1,1,2,4,4,4,4,5,5,4,3,4,4,3,2,2,5,2,4,3,4,1,1,5,3,4,5,1,2,2,2,3,4,3,5,3,1,3,4,5,4,2,5,4,5,3,1,4,1,4,5,4,5,5,1,1,2,3,1,2,1,4,4,5,5,2,2,4,4,2,4,1,3,2,2,3,3,4,4,2,4,3,2,3,5,4,1,4,2,4,1,4,1,1,5,5,3,1,2,3,5,2,1,4,4,3,3,4,2,5,3,2,2,5,1
Isabel Vidal,1,2,1,2,4,3,5,3,1,3,5,2,3,4,2,2,5,5,4,4,5,3,4,3,1,5,2,1,3,5,1,2,4,2,2,1,1,1,2,3,3,5,4,3,5,4,2,4,5,4,3,1,1,2,4,4,1,4,5,1,4,5,3,2,4,2,5,3,2,5,2,5,5,3,3,2,5,1,4,2,1,1,2,2,1,5,1,1,2,1,5,5,4,3,3,5,5,3,5,4,3,1,2,4,4,1,1,5,2,3,3,2,5,4,4,3,1,3,2,5,3,5,2,5,1,5,1,1,1,1,2,1,4,1,5,3,1,2,4,5,1,2,4,5,2,2,2,1,2,4,3,4,4,2,4,4,4,3,5,3,4,1,2,1,3,1,1,3,3,5,3,4,3,5,5,1,5,1,5,3,1,3,3,1,4,4,1,1,4,2,4,1,2,5,1,2,1,1,2,2
Ignacio Roldán,4,3,5,4,2,5,1,3,4,2,2,5,5,5,4,1,4,4,2,2,3,5,5,2,5,3,3,3,1,1,4,3,2,2,3,1,3,3,5,3,4,5,1,4,5,3,4,2,4,3,4,1,3,5,2,2,4,3,4,2,5,3,4,1,5,1,2,1,2,1,5,2,5,2,4,2,3,4,2,5,1,4,2,2,1,4,3,5,2,5,5,4,1,1,3,5,5,4,4,2,5,4,5,1,1,3,3,2,3,1,4,1,2,3,2,4,4,5,3,3,4,2,2,2,4,1,5,4,4,4,1,5,4,1,1,5,2,1,5,4,2,3,1,4,3,2,2,2,5,4,3,4,3,4,4,4,2,1,4,3,5,4,2,3,2,4,2,3,2,4,2,4,1,5,4,1,1,1,1,1,2,1,4,4,5,2,5,3,4,2,4,5,5,5,5,1,2,2,3,4
Lorena Aguirre,1,3,3,2,4,5,2,2,3,5,3,4,3,2,3,5,2,3,2,3,5,5,5,3,5,2,1,3,5,3,5,3,2,5,3,1,1,4,3,2,5,3,4,1,4,4,5,4,2,3,2,3,3,4,5,5,1,5,2,5,4,1,2,5,3,2,4,4,5,4,5,1,2,2,4,4,3,2,4,4,2,2,3,1,4,4,4,3,2,5,5,5,4,5,1,4,5,2,2,4,2,1,5,2,5,2,3,2,5,1,1,3,2,4,2,4,5,2,2,1,3,5,2,4,2,5,2,4,3,1,4,4,4,5,2,5,3,1,4,3,5,3,5,3,4,2,5,5,1,4,5,4,1,5,1,5,5,4,3,1,2,1,5,4,2,1,1,5,5,5,3,5,4,1,4,1,3,4,5,4,5,1,3,4,5,5,2,2,1,1,5,4,3,2,4,4,5,5,4,5
Hugo Serrano,2,1,3,1,5,1,4,5,2,3,3,2,3,1,4,1,3,4,3,3,4,4,3,2,5,3,5,5,4,2,5,1,5,1,4,2,5,1,4,1,1,4,5,4,1,3,4,1,3,2,4,5,4,4,3,2,5,3,1,5,1,1,2,3,1,3,2,4,2,4,3,4,3,1,5,4,4,4,4,4,1,4,4,4,5,1,4,5,4,2,1,5,4,3,3,2,5,4,3,4,4,5,2,2,5,3,3,4,2,5,3,3,3,4,1,1,2,5,3,5,5,1,5,3,3,1,5,5,4,1,4,3,2,5,5,4,5,5,3,5,2,4,2,1,3,1,1,4,3,4,1,5,5,4,1,3,1,3,5,3,4,3,5,3,3,5,3,4,4,4,5,2,1,2,4,5,2,2,2,3,1,3,2,3,3,1,1,1,3,1,3,1,3,4,5,1,4,2,1,1
Raquel Escobar,3,1,1,1,5,1,2,3,1,1,2,2,3,4,1,5,3,1,1,5,4,4,3,2,5,4,5,5,2,2,1,2,3,3,3,5,5,2,3,1,4,4,5,4,5,1,1,1,4,2,1,5,2,2,2,4,1,2,5,4,5,5,4,3,5,5,4,1,2,5,4,4,2,3,4,2,3,3,2,5,4,1,3,5,2,3,2,2,1,4,4,5,4,5,5,2,5,1,4,1,4,5,2,1,4,2,3,3,2,3,5,2,3,3,1,4,2,5,1,3,4,5,2,2,2,4,1,3,4,1,1,4,2,1,5,1,4,4,1,5,1,5,4,5,5,5,3,1,2,4,5,1,5,2,2,5,5,3,3,5,2,4,3,2,4,4,1,4,5,3,4,2,3,2,4,4,3,5,1,4,4,5,1,3,2,1,1,2,4,4,1,1,3,5,1,5,1,1,4,5
Javier Montes,4,3,3,1,5,2,5,2,5,2,3,5,1,3,3,3,2,4,5,4,3,4,1,4,5,3,1,3,4,3,3,1,4,1,4,5,2,1,3,2,5,5,5,2,1,5,2,5,4,2,4,4,5,4,1,1,2,4,2,4,2,5,2,4,2,5,5,4,3,5,2,2,4,1,1,3,2,3,4,1,5,2,4,4,4,3,1,3,5,3,1,3,2,5,5,3,2,3,4,2,4,2,5,2,5,3,1,2,3,3,5,4,5,3,1,5,1,1,5,5,4,3,4,4,1,5,3,4,4,4,3,3,4,5,3,1,2,5,3,4,4,5,1,3,1,1,2,3,4,5,3,3,5,2,3,4,4,4,3,5,4,2,4,2,4,1,3,5,4,4,5,3,3,2,3,2,4,2,2,2,1,3,3,1,5,3,2,1,3,1,5,3,2,1,1,5,1,2,3,5
Silvia Osorio,1,2,3,2,4,1,4,2,4,2,3,4,3,1,5,3,5,2,4,5,1,2,5,2,3,1,3,3,2,5,2,3,4,2,2,1,1,5,1,4,2,3,5,2,1,5,5,4,5,3,4,5,4,4,1,1,3,2,3,1,3,2,5,3,2,5,4,4,3,2,4,2,5,4,3,1,3,4,4,3,1,1,4,1,5,5,4,4,3,3,3,1,5,1,2,1,5,4,5,1,5,4,1,3,4,2,3,1,1,1,5,2,2,2,3,2,4,1,5,1,5,1,5,4,3,5,2,5,5,5,5,4,1,4,4,4,4,3,3,5,4,2,1,3,3,3,4,1,4,3,1,4,4,3,5,2,3,3,2,2,1,4,1,3,4,3,1,5,3,1,5,3,4,5,5,3,1,2,1,5,1,5,4,5,3,5,1,1,3,5,4,1,1,3,5,1,1,2,3,4
Pablo Cordero,2,2,4,4,1,1,5,3,4,2,2,3,5,4,5,3,1,1,2,2,2,1,3,5,1,1,1,5,1,3,2,4,3,4,4,5,3,1,4,4,3,1,3,3,5,3,1,3,4,1,3,4,2,4,5,3,1,4,2,5,3,1,3,3,3,4,4,4,3,1,1,2,4,5,3,4,4,5,2,4,5,3,5,4,2,4,1,2,4,5,4,1,2,5,5,1,2,3,2,4,1,5,4,1,3,4,5,1,2,1,1,1,3,3,1,1,2,5,5,4,5,2,5,1,5,2,3,1,5,5,4,5,2,3,5,5,4,3,3,1,5,5,1,3,3,3,2,4,2,1,2,3,4,3,5,2,1,2,3,2,5,1,1,3,4,5,2,3,2,3,2,4,1,2,4,5,3,5,4,2,1,5,1,3,5,1,2,3,2,3,4,5,2,2,1,2,2,2,4,4
Sonia Mora,3,3,3,1,3,5,1,4,3,3,4,4,1,2,4,5,5,4,5,2,4,4,3,3,1,5,1,3,2,2,4,2,3,4,2,1,5,2,5,4,3,5,5,5,4,4,3,5,4,2,5,3,2,2,5,4,3,4,5,2,2,5,5,4,2,1,5,5,5,1,5,1,5,1,5,2,1,1,3,2,4,4,1,5,5,4,3,5,1,2,1,5,4,2,3,3,1,3,4,2,4,4,5,4,1,4,3,1,4,1,2,4,3,3,3,5,1,5,4,3,5,4,4,3,5,4,3,5,1,1,4,2,5,4,1,5,4,3,4,5,2,3,2,3,5,3,2,1,3,3,3,4,3,1,1,3,5,5,4,1,2,1,4,4,1,2,1,1,5,4,4,2,1,2,4,3,4,1,5,1,3,1,1,4,4,5,4,5,1,1,4,5,5,4,3,1,5,5,1,3
Rubén Pantoja,2,4,4,2,4,3,3,5,4,5,1,4,1,2,1,1,4,1,3,2,3,5,2,2,4,3,3,3,4,5,3,1,5,1,4,5,3,2,5,4,4,4,5,3,5,2,4,4,5,5,3,4,4,1,5,5,3,4,4,2,5,2,4,5,3,3,2,3,3,3,4,4,1,1,5,5,4,4,2,2,3,1,2,5,5,1,1,4,3,1,4,2,1,4,1,1,1,4,4,2,4,1,5,3,5,1,2,2,2,5,2,3,3,5,4,2,3,4,4,3,3,5,3,1,3,1,2,1,2,3,3,5,2,3,4,5,2,5,2,4,3,5,3,5,4,3,1,4,4,5,2,1,1,1,3,5,3,4,4,3,4,2,4,4,2,5,4,3,5,4,3,4,5,5,5,2,5,4,3,1,5,2,5,5,5,3,2,4,5,4,5,1,1,5,2,2,1,4,4,4
Rosa Cáceres,5,1,3,3,3,4,5,5,4,5,3,1,5,5,5,2,4,3,4,1,3,2,4,2,5,4,4,2,3,5,2,5,1,1,5,1,4,3,5,2,4,3,2,2,1,4,2,2,2,2,4,3,3,2,2,3,2,3,5,3,1,1,4,1,1,4,4,3,4,3,2,5,3,5,2,2,1,1,3,5,3,2,4,5,5,1,3,1,4,5,4,2,3,1,3,2,3,5,5,5,3,2,1,2,5,2,5,5,4,5,1,4,1,3,3,1,5,5,4,1,2,5,3,3,1,1,1,2,2,4,3,3,5,2,2,2,3,2,4,4,5,1,3,5,2,3,3,2,1,2,2,5,2,1,1,2,5,1,2,1,5,3,3,2,1,5,4,1,2,2,5,5,3,5,5,1,4,4,4,3,3,4,3,1,2,2,5,3,5,3,3,2,4,2,1,2,1,2,1,1
Víctor Zambrano,4,5,2,2,3,3,5,4,5,1,3,3,4,3,1,1,2,4,2,1,4,5,4,1,4,5,3,2,4,5,5,3,3,3,3,1,3,3,3,1,1,3,5,5,5,5,4,5,1,5,3,5,3,2,3,1,5,1,2,3,2,1,5,5,4,4,4,4,5,1,4,5,1,3,2,2,5,5,2,2,1,3,3,1,4,4,1,4,3,2,5,3,1,2,5,2,3,4,3,5,2,2,3,3,3,2,1,1,3,2,4,1,2,2,5,1,2,2,1,3,2,4,2,5,4,3,1,2,3,2,2,4,1,2,3,3,2,4,5,1,5,5,1,2,3,1,2,5,2,3,1,1,5,4,4,3,4,4,1,4,5,3,4,5,1,5,5,5,5,5,1,2,4,2,4,1,1,1,2,4,1,1,5,4,2,1,3,3,2,4,2,4,4,3,5,5,1,3,4,5
Inés Alvarado,4,4,5,5,3,5,4,2,5,2,3,4,5,3,3,5,3,1,5,1,2,1,2,2,5,3,5,2,2,1,5,2,5,4,3,5,1,1,5,5,5,4,3,3,2,4,5,5,2,1,3,3,1,3,3,1,5,4,2,4,4,4,5,2,1,3,1,2,4,4,2,4,1,1,4,1,1,1,1,1,2,4,4,5,3,5,3,4,2,1,4,5,1,2,1,2,2,2,3,5,2,2,1,3,3,5,4,2,5,2,2,1,5,5,3,5,5,1,1,1,2,2,2,3,1,5,4,4,1,2,5,2,1,1,3,1,5,4,3,5,4,3,5,3,4,2,2,4,1,2,5,4,4,4,1,1,2,1,3,2,1,2,3,2,1,2,5,4,1,5,3,3,3,1,2,3,2,5,4,3,2,1,3,1,4,3,5,1,4,1,5,3,2,2,3,3,1,2,4,3
Alberto Rojas,1,2,4,3,5,1,2,2,4,1,4,1,1,4,2,4,3,2,2,2,2,4,3,4,3,2,1,5,3,5,4,4,3,2,4,3,2,3,5,4,3,4,2,3,2,3,5,5,1,5,5,1,1,2,4,1,2,2,5,2,3,1,3,2,5,4,1,5,1,3,4,2,3,2,3,3,4,1,3,1,4,4,5,3,3,2,3,3,5,4,4,2,2,4,4,4,1,5,3,5,3,4,3,4,2,3,4,3,1,5,3,1,5,5,5,1,2,5,2,1,3,2,4,4,4,2,1,4,1,1,5,1,2,5,5,2,1,3,4,2,2,1,1,3,2,4,1,1,4,3,1,3,3,5,1,5,4,1,3,1,1,3,1,5,3,1,2,4,3,5,3,4,1,2,2,2,1,1,3,5,1,3,1,5,3,3,4,1,3,3,3,4,3,4,5,1,4,5,5,1
Esther Mendoza,1,3,4,5,1,4,4,4,2,2,2,3,3,5,4,4,5,5,1,2,4,2,1,3,5,2,1,3,4,1,3,4,2,3,5,1,2,1,1,4,3,2,2,2,5,3,5,2,2,3,4,5,5,4,3,3,5,1,4,1,2,1,4,3,1,2,1,4,2,5,2,4,5,4,1,1,3,4,5,4,5,5,4,1,3,5,4,4,1,2,1,1,5,3,5,4,1,5,3,4,4,1,4,3,4,3,4,3,1,1,5,3,1,1,1,4,4,2,1,3,5,2,2,5,1,2,4,1,1,5,2,2,1,1,2,4,5,4,2,2,1,2,2,1,2,4,3,2,2,4,5,3,5,4,3,3,3,4,2,1,1,4,1,1,2,2,3,1,1,1,5,3,4,4,1,1,3,3,4,1,2,5,2,5,3,3,2,2,4,3,4,3,4,4,3,3,4,2,2,4
Gonzalo Soto,1,5,1,3,1,4,5,3,5,5,5,4,1,2,1,1,4,1,4,2,4,1,5,4,2,1,2,3,1,1,5,2,1,4,5,5,3,5,3,2,1,2,2,5,2,1,5,4,4,3,4,4,3,3,1,4,4,2,5,1,4,3,4,2,5,5,4,4,1,1,4,2,5,3,2,1,5,3,2,5,5,4,5,5,2,3,2,5,4,4,1,5,2,3,2,5,2,2,4,4,2,1,2,5,3,5,3,5,2,2,3,2,3,2,3,3,3,1,4,5,1,3,3,1,3,2,3,5,5,4,2,1,5,4,3,1,4,2,4,2,1,1,4,2,1,4,1,1,3,4,3,5,4,3,4,2,2,2,5,3,4,2,5,5,4,1,2,3,3,4,3,3,4,2,1,5,1,4,2,5,2,3,5,1,2,4,1,2,5,2,4,5,4,3,1,3,5,2,4,4
Julia Ríos,2,2,2,3,1,4,3,2,4,2,1,4,4,3,5,5,1,3,3,2,1,2,3,1,2,2,4,3,1,2,2,1,5,5,4,3,4,2,2,4,2,4,3,3,3,2,4,3,5,2,3,1,4,3,4,1,4,2,5,2,5,2,2,3,1,5,4,5,3,2,2,3,2,3,3,1,4,4,3,5,5,3,1,2,1,3,3,4,4,4,3,3,5,4,4,2,3,1,1,1,2,3,4,4,2,2,2,5,1,2,2,1,5,5,3,5,5,2,1,2,4,5,4,5,2,3,4,3,3,5,1,3,4,1,3,1,1,3,4,4,4,1,3,1,1,5,3,2,1,5,4,3,1,3,2,1,3,2,1,2,4,4,1,4,4,3,1,5,3,1,1,4,5,2,5,2,5,2,1,1,2,2,5,5,4,5,4,4,1,2,4,3,2,5,4,5,1,4,3,4
Sergio Delgado,4,5,5,3,5,3,2,2,4,1,5,1,5,5,3,5,2,5,4,4,3,5,2,4,1,2,4,5,4,4,1,2,3,4,1,3,2,3,1,2,4,2,1,2,1,4,2,1,1,2,1,3,1,5,2,4,5,5,2,1,1,4,1,4,2,5,1,4,5,4,2,4,1,3,3,4,5,4,3,5,3,1,5,1,4,1,1,1,3,2,4,5,3,4,5,5,4,2,3,1,3,3,5,4,1,5,5,1,5,2,1,4,4,5,3,5,4,5,4,5,4,5,1,2,1,5,2,5,1,2,2,3,3,3,2,4,4,5,4,4,2,1,3,5,1,3,2,1,5,3,3,2,1,4,2,3,5,3,3,2,1,4,4,3,5,5,3,3,3,5,2,1,5,5,2,2,5,2,3,5,5,1,5,3,5,4,2,3,4,2,2,2,5,1,1,4,4,2,2,4
Carmen Paredes,5,5,4,1,2,3,5,2,4,1,5,2,1,3,5,3,3,2,2,2,1,1,4,2,2,3,4,5,3,4,4,4,3,3,2,4,1,3,3,2,5,1,5,4,2,5,4,1,1,1,1,1,1,1,4,4,1,4,4,2,5,5,2,2,2,5,4,2,1,5,2,4,2,5,1,2,2,5,2,2,3,5,2,3,1,2,2,1,2,5,4,3,5,3,5,4,3,3,4,1,3,3,5,4,5,4,3,2,3,2,5,3,2,5,2,4,2,4,4,2,5,5,5,3,4,5,1,1,4,4,2,2,5,1,2,4,5,4,1,3,3,1,4,3,3,3,4,2,5,3,5,4,1,4,5,2,4,2,1,4,2,4,5,3,2,2,2,1,4,1,2,4,1,4,5,3,2,5,5,2,1,2,4,5,1,4,4,1,3,4,2,2,3,2,4,1,4,1,2,1
Óscar Cervantes,4,1,5,4,4,1,2,1,3,4,4,1,4,1,4,4,2,1,1,4,3,1,3,1,1,1,3,1,2,1,2,3,3,3,2,4,1,3,5,4,4,5,3,3,1,4,2,5,1,5,3,3,2,5,5,4,3,2,5,1,5,4,3,4,1,5,3,3,2,3,2,1,2,2,1,3,1,3,4,3,3,4,5,3,3,5,2,3,2,5,4,1,4,4,4,5,5,4,4,2,4,2,3,2,3,3,5,1,3,3,2,3,1,3,1,3,4,5,5,4,2,5,3,4,1,4,1,1,5,1,4,3,1,4,5,2,3,2,5,5,4,4,4,3,3,4,4,2,1,2,2,3,5,5,2,5,1,5,2,5,2,5,1,2,4,4,2,5,4,2,3,1,3,4,2,1,5,4,3,2,2,4,4,1,4,1,2,3,2,4,4,2,5,4,5,4,5,3,4,4
Elena Rivas,3,1,4,1,4,5,4,1,4,4,5,5,1,5,3,1,3,2,5,5,4,3,5,3,5,3,3,3,3,4,3,1,1,4,3,2,4,5,3,5,5,4,2,2,2,3,2,4,1,2,3,3,4,5,2,2,4,2,2,5,1,3,5,4,4,3,1,2,4,1,4,2,2,1,3,2,2,4,1,4,3,1,5,3,3,3,4,3,2,4,2,3,2,1,4,2,2,1,5,3,1,2,1,1,4,2,5,1,1,3,2,1,3,2,2,1,5,2,2,2,4,3,2,2,2,4,5,5,4,1,5,4,1,5,5,3,5,1,4,5,3,3,1,2,5,1,5,2,5,5,4,5,3,2,3,5,1,2,5,1,1,3,1,4,3,2,2,3,4,2,1,1,1,2,3,1,1,1,5,5,3,3,3,3,1,5,2,2,2,5,1,2,4,4,2,4,1,5,2,5
David Morales,5,4,3,5,1,3,5,1,5,5,4,5,4,4,2,1,4,1,3,1,2,4,4,1,4,3,5,2,1,3,4,2,5,4,4,2,5,4,4,1,5,4,2,2,3,1,3,4,1,5,2,4,2,1,2,3,3,3,3,4,1,1,2,4,5,5,5,5,4,2,5,3,1,4,3,3,4,1,3,1,4,2,2,2,3,3,1,1,1,4,4,2,5,1,5,1,5,1,4,5,1,5,1,4,1,1,5,1,5,3,5,2,4,1,5,4,2,4,5,3,3,5,3,5,2,3,3,5,5,5,4,5,4,4,1,3,5,3,2,2,3,1,5,5,3,4,5,3,1,2,1,2,4,2,3,5,4,3,4,1,3,4,4,2,4,5,4,1,3,2,2,3,1,5,4,3,3,2,1,1,1,5,5,5,4,2,3,3,1,3,4,3,2,3,4,3,5,2,5,4
Marta Vargas,5,3,1,4,3,2,4,4,4,5,4,5,5,1,5,3,5,2,2,3,2,4,5,4,3,2,1,4,4,2,3,2,1,2,1,5,4,4,5,3,5,4,3,5,3,1,1,2,2,3,4,3,4,2,3,4,2,2,2,5,5,5,3,4,1,4,3,3,1,2,4,4,2,3,3,3,2,5,5,2,3,1,1,5,1,5,5,2,1,1,3,5,5,4,3,5,3,2,3,3,4,4,1,3,5,1,3,4,3,3,3,4,4,2,1,3,5,1,1,5,1,5,3,1,2,4,2,3,1,1,5,3,5,5,4,5,5,5,3,2,3,5,4,2,1,2,1,5,3,3,4,4,3,1,2,5,3,1,4,5,3,2,3,2,2,3,2,5,1,4,1,2,2,2,2,5,5,1,5,2,4,2,2,3,5,3,5,2,1,2,3,5,2,3,1,2,3,2,1,1
Raúl Castillo,1,1,2,1,5,4,4,4,5,4,3,2,3,5,3,4,1,5,1,4,2,5,3,4,4,2,5,4,2,2,2,1,2,2,4,5,5,3,1,3,4,4,4,3,4,5,4,4,4,3,3,2,5,3,2,1,2,5,3,3,2,2,2,4,2,2,2,1,3,5,2,2,4,4,4,3,1,1,1,1,5,4,1,3,2,5,3,1,4,4,1,5,5,1,5,4,2,3,5,1,5,2,3,5,5,5,4,3,1,1,5,2,2,2,2,3,1,3,3,4,1,3,2,4,2,3,1,5,5,4,1,4,5,1,3,2,3,5,2,1,2,5,5,2,4,2,2,2,4,5,4,3,3,2,4,2,1,4,2,3,1,2,4,5,3,4,4,2,5,2,2,2,5,3,5,3,2,1,3,5,3,4,1,4,5,2,5,4,2,4,2,2,3,4,5,3,1,1,3,1
Lourdes Guzmán,5,2,3,5,1,1,1,4,2,5,5,1,5,1,2,3,4,3,2,2,5,3,5,3,3,1,1,4,4,3,2,5,5,4,1,5,4,1,1,4,5,2,3,2,2,1,2,5,4,3,4,4,5,2,1,1,3,2,4,5,3,2,2,1,3,5,1,2,1,4,2,3,4,3,4,2,5,5,5,5,5,4,4,1,2,5,4,1,3,5,4,4,2,3,2,4,4,5,5,1,1,2,5,1,5,3,2,2,5,1,5,5,2,4,4,2,4,4,4,2,3,1,5,4,1,1,3,3,3,3,3,5,4,1,1,2,4,5,5,3,3,4,3,1,4,5,3,1,2,3,1,1,4,4,3,4,3,3,5,5,4,4,2,3,1,5,3,5,4,3,2,2,2,5,2,4,2,5,5,5,5,5,1,1,1,1,3,4,1,2,1,1,1,3,3,5,1,3,3,1
Arturo Pacheco,4,2,1,5,1,1,1,2,1,3,3,2,1,4,1,5,2,2,1,2,2,3,5,3,3,4,4,2,2,5,5,3,4,3,4,1,1,1,5,1,3,2,1,3,1,1,5,3,3,5,1,1,5,4,1,5,1,3,3,1,5,1,2,1,5,5,4,5,3,2,4,1,2,5,2,1,5,2,4,1,1,4,2,3,4,4,3,3,1,4,2,3,4,3,3,5,2,2,5,1,1,1,3,3,2,3,1,4,2,1,5,5,1,5,4,4,5,1,3,4,5,5,3,2,2,4,5,1,3,5,5,1,2,1,3,3,4,2,4,4,4,4,1,4,2,3,5,4,2,1,3,3,5,5,2,3,1,3,1,1,2,3,2,3,1,3,5,3,5,3,4,2,2,1,2,1,3,1,5,2,2,4,4,2,3,3,4,5,3,3,2,5,5,3,5,4,3,3,5,2
Patricia Navarro,1,2,4,3,2,3,3,4,4,1,5,1,4,3,5,5,1,5,5,5,3,2,4,3,4,4,2,4,2,1,5,2,4,1,3,4,5,1,1,2,5,5,5,4,3,4,1,5,5,4,5,4,4,4,1,3,3,5,4,5,1,4,5,3,2,3,2,5,4,3,3,4,5,5,4,3,2,5,5,1,2,1,5,3,2,5,2,2,3,2,1,5,1,3,3,4,1,5,5,5,1,1,3,2,2,4,5,5,4,2,5,5,2,3,2,3,1,3,1,2,2,2,2,5,1,4,5,4,4,2,2,4,1,1,5,5,2,4,5,5,2,4,3,4,4,1,2,1,4,5,4,2,4,3,4,3,3,2,5,2,3,2,1,3,3,5,5,2,2,5,5,2,3,3,1,4,5,1,1,1,5,4,4,3,3,1,5,5,2,3,4,1,3,4,3,2,2,4,2,4
Benjamín Solís,4,4,1,4,1,4,1,1,4,1,1,4,2,4,1,3,1,4,4,5,4,1,4,3,5,4,4,3,3,3,4,3,2,2,5,2,1,3,2,1,4,1,4,1,2,1,3,1,3,1,2,1,5,1,2,4,2,2,2,1,4,5,4,4,1,2,1,4,4,3,4,1,4,4,2,3,2,3,2,2,1,4,4,3,5,3,5,2,5,4,4,2,1,2,4,4,4,5,2,5,5,5,2,2,3,3,3,1,3,4,1,5,1,2,3,5,3,1,4,2,2,2,5,5,1,2,3,1,2,2,3,3,1,4,2,4,1,3,4,5,3,5,3,5,3,5,3,2,4,1,1,2,3,5,4,3,2,3,2,2,4,5,1,2,5,2,2,4,4,3,5,1,3,2,2,3,1,2,5,4,5,2,3,5,1,4,4,3,2,5,5,4,3,3,5,3,1,5,5,1
Susana Vega,4,4,4,1,2,4,1,3,1,1,1,2,4,5,2,2,3,1,5,3,2,5,4,1,2,3,5,4,2,5,2,2,3,1,3,3,2,4,3,4,2,2,4,1,4,2,1,4,1,2,1,5,2,2,1,1,3,2,2,4,4,3,4,3,1,4,1,5,2,2,3,1,3,4,2,5,4,5,4,4,4,5,3,5,4,1,1,4,2,5,5,5,5,1,4,4,2,2,3,3,1,2,5,4,2,5,2,1,1,4,2,4,4,4,2,1,1,4,5,3,2,2,5,3,4,3,1,2,1,3,1,1,3,2,4,4,2,5,2,1,4,1,3,5,5,2,1,3,4,1,5,5,2,3,4,5,4,2,3,4,2,5,1,5,2,5,4,3,1,2,5,2,4,2,4,3,4,1,3,4,3,5,5,5,1,5,4,1,5,2,2,5,4,1,2,5,5,3,1,3
Samuel Gallegos,1,4,2,1,3,4,4,5,5,5,4,5,4,4,3,3,1,4,4,4,3,1,2,5,2,3,5,5,1,5,5,1,4,1,4,4,1,1,1,4,1,5,5,4,3,1,5,1,4,4,5,2,3,5,1,2,5,2,1,3,3,2,4,4,1,4,3,3,5,3,4,3,5,1,3,3,5,5,5,4,3,2,4,3,5,3,3,5,1,5,1,5,5,2,5,5,3,5,5,4,3,1,2,4,3,1,2,2,2,4,3,4,4,1,3,3,4,2,4,1,4,2,1,4,2,1,4,4,4,2,4,4,2,4,2,1,2,1,1,3,3,4,1,4,5,4,2,1,1,5,3,3,1,3,1,4,3,4,1,3,2,2,1,3,1,1,2,4,4,4,3,1,5,1,2,1,5,1,4,3,5,2,1,2,5,3,4,4,1,2,5,2,4,5,5,3,1,1,1,2
Alicia Roldán,3,1,2,4,2,2,4,1,1,1,5,4,1,1,4,2,3,1,4,3,4,5,2,2,1,3,2,3,5,4,2,5,3,2,2,3,4,5,1,3,4,1,4,5,1,4,4,1,5,4,3,2,5,4,2,3,1,2,1,1,5,4,4,5,5,5,5,5,2,2,1,5,1,3,3,3,2,1,3,1,4,4,4,1,2,1,5,5,5,4,5,5,4,4,2,1,2,1,3,2,2,4,2,3,4,3,2,2,5,1,2,3,1,2,3,5,5,2,4,4,3,5,5,1,3,5,2,3,4,5,1,4,4,4,3,4,3,2,1,5,3,5,2,1,5,1,1,1,5,2,2,4,5,1,1,4,5,5,4,4,2,2,3,1,2,4,3,3,1,2,2,4,2,1,2,1,1,1,2,3,2,1,3,1,2,1,4,5,2,2,3,1,1,4,2,1,1,5,5,1
Tomás Escobar,5,5,5,1,1,4,2,3,2,5,2,1,2,3,5,3,3,2,5,1,2,2,2,3,3,5,4,4,2,5,3,2,2,5,2,5,2,3,2,4,5,4,5,2,2,5,5,5,1,5,1,3,5,4,2,3,1,1,2,4,2,3,1,4,2,2,4,2,3,3,2,1,2,4,2,4,2,3,5,5,4,5,4,5,3,1,4,2,2,5,2,5,2,2,1,2,2,3,3,4,3,1,1,1,1,5,4,4,1,1,1,3,3,1,3,2,4,5,4,4,5,1,5,5,3,1,1,2,1,5,3,3,5,1,2,3,2,4,3,2,1,3,3,3,1,5,1,3,3,4,2,2,4,4,2,2,2,3,2,1,4,4,4,5,3,1,4,3,5,1,5,5,5,5,5,3,5,4,5,1,1,1,1,2,5,1,1,1,3,3,2,3,1,5,1,5,5,1,3,3
Marina Campos,5,5,4,5,5,4,3,5,1,4,3,1,2,2,3,2,4,1,3,5,1,5,5,3,3,4,1,3,3,3,5,4,3,3,2,3,3,3,2,5,1,1,2,2,1,4,1,5,2,5,2,2,1,1,4,3,4,2,2,5,5,1,4,2,2,3,1,5,5,2,1,4,1,5,4,4,2,4,3,5,1,5,3,2,1,5,1,1,5,5,3,2,2,1,4,3,3,5,2,3,5,1,4,1,4,3,1,4,4,4,3,5,5,3,5,2,1,4,3,2,4,1,1,5,3,1,4,5,2,4,5,4,3,5,3,5,1,2,5,3,3,5,3,2,5,4,3,2,5,1,1,2,2,3,5,2,2,1,2,4,2,5,3,1,1,2,5,3,4,5,3,4,1,3,4,5,4,1,4,3,1,4,3,1,1,4,5,2,1,5,3,3,4,4,1,1,2,5,2,4
Adrián Vidal,3,1,1,1,2,1,5,2,1,3,5,2,5,1,2,3,5,4,2,5,1,4,3,2,1,4,5,3,4,5,1,1,3,2,1,5,3,2,2,2,4,5,3,4,1,5,3,2,1,4,5,5,2,2,5,5,4,4,5,5,1,3,5,1,4,1,2,1,3,2,4,3,4,5,4,2,2,4,5,5,2,4,5,1,2,3,4,3,4,3,5,1,5,1,5,4,2,3,4,3,3,3,2,2,5,1,1,4,1,1,5,1,1,4,4,2,1,3,5,4,3,5,2,2,3,4,3,4,5,2,2,3,4,5,1,1,4,2,4,3,4,2,4,3,1,1,3,2,4,2,2,3,3,1,4,1,4,1,4,1,4,4,5,1,1,5,5,1,3,3,1,1,5,3,2,3,1,3,3,3,3,3,4,2,4,3,3,5,3,1,5,2,1,4,5,1,3,2,3,1
Sonia Alvarado,3,4,4,4,1,5,4,5,4,4,2,5,3,2,2,2,2,5,4,5,2,3,1,3,5,1,3,3,2,5,1,3,4,3,1,1,4,4,5,2,3,2,4,2,2,5,4,3,3,5,1,4,4,3,4,5,3,5,4,1,2,5,4,2,1,4,3,5,5,2,2,1,3,5,5,5,4,5,1,3,3,4,4,4,5,2,5,1,5,3,1,2,2,4,5,2,4,4,5,5,4,5,2,3,4,3,4,2,5,5,4,3,5,2,4,5,5,2,4,2,4,1,3,5,2,3,5,3,5,2,1,1,5,2,1,5,5,4,5,4,5,2,2,5,5,1,1,4,5,3,1,2,2,2,4,3,5,1,1,4,5,2,1,2,2,1,5,3,3,2,3,4,1,3,5,4,3,2,4,2,3,4,4,4,2,5,2,4,4,1,1,2,2,4,2,3,2,1,2,1
Rodrigo Rojas,1,5,1,4,1,4,4,1,4,4,4,3,4,4,1,2,5,3,3,1,2,1,3,3,3,4,3,1,2,4,3,5,5,2,4,5,4,4,1,4,4,1,5,3,5,3,5,3,2,3,1,3,4,4,2,5,1,3,3,2,2,5,2,3,3,2,3,4,3,3,5,1,4,1,5,5,4,3,2,4,5,4,5,4,2,5,3,2,4,4,3,3,5,2,2,3,1,2,4,3,5,1,1,1,4,2,4,4,2,4,3,1,4,5,1,3,2,4,2,3,2,3,2,4,3,4,5,5,4,3,4,2,5,1,3,3,1,3,1,3,3,5,5,1,3,4,2,1,5,1,5,4,1,2,4,4,5,4,3,2,5,1,2,4,4,5,3,4,3,1,5,3,4,5,3,5,5,5,4,3,1,3,2,4,5,1,1,2,1,2,4,2,3,2,1,4,1,1,1,5
Irene Mendoza,2,3,2,2,4,5,3,4,3,1,3,2,4,1,1,1,2,2,3,3,2,5,3,2,2,5,3,4,2,3,3,1,4,3,2,3,5,1,3,2,2,5,5,3,4,5,5,1,1,3,2,4,5,1,3,1,3,2,4,2,5,3,3,5,1,4,2,1,2,2,4,2,4,3,3,2,1,2,2,5,5,3,5,3,2,4,2,5,4,3,1,2,3,4,5,5,5,4,2,5,4,3,3,2,4,3,5,5,2,2,3,5,1,1,3,1,2,5,5,4,2,1,4,5,1,2,4,3,2,1,4,1,3,2,5,3,3,5,3,3,4,2,3,2,4,4,2,1,3,2,4,4,4,4,2,1,5,2,2,1,4,3,1,5,3,3,1,2,5,2,5,1,3,4,2,3,3,4,1,5,1,4,1,3,1,2,4,3,1,1,3,1,3,2,1,2,1,4,3,2
Ernesto Soto,4,4,5,3,3,4,2,3,3,5,1,3,1,1,3,5,4,2,5,2,3,3,4,2,1,3,4,2,5,5,3,5,3,2,5,1,4,5,1,4,2,5,1,1,2,3,2,5,3,1,4,3,3,1,1,3,4,3,4,2,1,3,5,4,2,4,1,4,3,4,4,1,5,1,2,5,2,1,5,4,3,1,2,3,4,5,2,5,3,2,4,2,4,3,4,2,1,3,1,5,4,4,1,2,5,1,5,1,3,5,4,2,3,3,4,3,5,3,3,1,2,2,1,1,5,5,4,4,5,2,4,2,3,1,1,5,5,4,3,1,4,5,3,5,3,4,2,3,5,3,4,2,4,4,3,1,2,5,4,2,1,3,1,5,5,3,3,4,2,3,3,2,3,1,4,2,5,1,5,3,4,2,3,4,4,4,2,4,2,3,4,1,5,1,1,3,5,5,2,1
Blanca Cáceres,4,2,2,1,4,4,5,4,3,4,3,3,5,3,3,2,3,1,3,4,4,4,4,1,4,5,4,1,1,3,1,2,4,4,1,1,3,1,2,2,3,2,2,4,3,2,3,5,2,2,2,4,3,5,3,1,4,1,2,4,5,2,2,4,3,5,1,2,3,3,2,2,4,2,2,4,5,4,4,1,2,2,1,2,1,3,5,3,1,3,3,4,4,2,3,1,1,5,2,1,4,3,5,2,1,5,4,1,1,3,2,2,4,2,5,5,1,5,5,4,3,2,4,2,4,1,5,1,2,5,3,4,2,4,2,5,5,5,1,1,3,5,3,5,4,3,4,1,3,4,2,3,5,3,5,4,2,3,4,5,5,4,3,1,1,4,5,1,1,3,2,4,5,2,2,2,2,2,3,2,1,2,3,3,4,2,1,2,5,2,5,2,3,4,2,2,1,5,4,4
Raúl Zambrano,2,5,3,2,3,5,4,4,4,5,3,5,2,4,5,1,3,1,5,1,1,2,2,1,2,5,3,3,3,5,5,1,3,3,5,1,2,3,1,1,2,2,4,2,4,3,5,1,5,1,4,2,3,1,3,5,3,2,1,4,5,5,2,4,3,4,3,4,3,3,1,5,4,4,2,4,4,2,3,3,2,1,5,5,5,1,3,4,4,3,2,5,1,3,3,3,3,2,5,2,5,1,4,2,1,5,1,2,3,2,2,4,1,1,3,4,1,4,5,3,2,1,2,4,4,1,5,5,2,2,4,4,2,1,5,3,5,2,1,3,3,1,4,3,4,3,3,5,5,4,4,4,3,5,5,4,5,4,1,1,3,3,5,5,1,1,2,4,4,2,4,2,4,5,3,5,5,4,4,1,3,4,3,5,1,5,1,3,5,4,1,2,3,5,3,2,4,1,1,1
Iván Montes,5,1,1,2,5,1,3,2,5,3,3,5,3,5,1,1,2,3,3,2,5,3,3,5,5,1,1,1,2,5,4,2,3,2,3,3,3,2,1,1,3,1,4,2,2,4,5,3,4,4,4,3,1,3,2,3,2,5,2,4,1,4,4,3,2,3,2,3,3,5,5,1,2,5,4,3,4,3,5,1,5,4,3,4,3,4,3,4,5,5,5,4,5,1,5,4,5,4,4,1,3,3,2,2,2,3,1,1,1,5,3,1,4,4,5,3,1,3,4,4,2,1,5,3,3,4,5,4,2,2,5,3,1,4,1,1,4,3,2,3,1,3,2,4,2,3,3,2,4,4,2,2,4,2,1,2,4,3,1,3,5,1,3,4,3,1,4,5,1,3,5,2,4,3,3,2,3,5,3,3,5,2,4,3,1,2,5,1,1,2,3,3,4,1,5,4,1,4,4,3
Laura Osorio,4,3,4,3,3,4,5,1,4,4,5,2,2,4,2,2,2,2,4,2,2,2,1,4,2,1,2,1,4,5,1,1,5,4,4,1,1,3,1,3,1,4,1,2,1,2,2,4,5,3,5,2,1,5,5,4,5,2,3,5,4,2,2,1,1,2,1,3,1,4,2,1,5,1,5,2,3,2,5,3,3,1,5,1,5,5,5,2,5,4,4,5,3,5,4,3,4,5,4,1,2,2,3,5,2,1,4,3,3,3,4,3,3,5,3,2,3,5,3,2,2,2,1,5,5,3,2,2,2,5,4,3,4,1,3,1,3,1,4,3,3,4,3,2,1,1,2,5,5,5,4,4,5,3,3,5,1,4,1,3,1,3,3,3,2,5,2,2,5,3,4,3,1,5,2,2,1,5,2,5,5,2,5,2,2,4,2,4,4,5,5,5,2,5,2,1,4,3,4,4
Ana Cervantes,5,1,2,5,4,1,5,4,2,4,1,3,5,4,4,2,2,3,1,1,4,4,3,5,2,2,4,2,1,3,5,4,3,2,2,5,1,5,3,5,5,5,2,5,3,2,3,2,3,2,1,4,1,4,4,4,5,4,1,2,4,3,2,2,2,2,2,3,2,3,2,2,1,2,1,5,4,5,2,5,2,5,4,3,2,2,2,3,4,3,2,2,2,4,2,2,1,3,1,4,4,1,4,3,3,4,5,4,5,5,1,3,4,2,5,3,4,4,4,5,4,4,3,2,3,2,4,2,5,2,4,1,4,1,3,3,3,2,5,3,4,2,3,3,4,4,5,2,2,2,4,5,2,3,4,3,4,4,1,5,3,3,4,1,5,4,1,2,4,2,5,3,4,5,3,5,3,1,1,5,3,3,4,4,3,3,5,5,4,4,5,2,4,4,1,5,2,4,4,2
Javier Serrano,3,1,3,1,5,5,4,4,3,1,2,3,3,2,2,2,5,4,5,2,5,5,2,4,3,5,4,3,5,2,3,4,4,5,3,1,4,4,1,4,5,2,4,4,4,3,4,4,2,5,4,3,4,2,1,3,1,1,4,2,3,5,4,2,3,2,3,3,2,5,3,5,1,4,3,3,3,2,5,5,2,5,5,4,2,3,1,2,3,5,4,5,4,2,4,2,3,2,3,3,4,2,4,4,1,5,4,3,2,2,1,3,1,3,4,4,3,5,3,3,4,1,3,2,2,5,5,5,5,4,4,1,2,4,2,3,1,4,2,2,2,5,4,4,3,3,3,1,4,3,1,3,3,4,5,2,3,2,3,1,3,4,5,1,5,4,1,1,1,4,2,3,2,3,2,1,4,4,3,2,2,1,3,3,1,2,2,2,2,4,2,3,2,5,4,3,4,4,3,5
Paula Aguirre,3,2,1,2,4,5,4,3,5,5,4,3,4,3,4,3,5,1,3,4,4,3,2,4,2,1,5,4,3,3,5,5,4,3,5,1,2,3,2,5,5,5,1,4,4,5,1,5,5,3,4,3,4,1,2,5,4,4,3,2,1,5,5,5,2,5,2,5,2,3,4,1,5,2,3,5,2,5,2,5,1,4,5,4,3,3,4,4,2,2,1,5,4,4,3,3,4,3,4,4,2,1,1,1,2,4,5,5,4,4,4,4,2,1,1,5,5,1,5,2,4,5,1,1,5,4,4,3,1,5,1,2,3,2,4,3,4,5,2,1,4,4,5,4,4,2,5,3,3,4,3,4,5,5,2,4,4,1,3,4,2,2,2,2,3,1,3,2,4,3,1,1,3,5,3,4,4,1,2,4,2,2,4,4,3,3,5,4,3,3,1,4,1,4,1,5,2,3,1,5
Guillermo Delgado,4,3,2,1,4,1,4,4,5,1,1,3,2,3,2,3,4,4,3,1,1,2,1,2,1,4,5,2,4,1,5,1,4,1,3,2,2,1,1,3,4,2,2,3,1,4,2,2,1,4,1,3,4,4,5,5,2,3,1,3,3,3,2,5,1,1,2,3,1,5,3,3,4,2,1,4,1,2,4,5,5,5,1,2,4,3,1,4,5,3,5,2,2,4,4,3,2,1,5,5,1,5,4,1,1,1,3,2,5,2,4,2,1,4,2,1,2,1,2,5,1,1,3,3,2,4,4,2,4,4,5,3,3,4,2,1,3,2,1,5,3,4,5,1,5,5,2,1,3,5,5,2,2,5,4,5,5,4,4,5,4,1,4,4,2,5,2,1,4,5,5,5,4,1,4,5,2,2,2,2,5,3,5,2,3,5,1,1,5,2,5,3,5,5,3,5,4,5,5,4
Lucía Paredes,5,5,4,5,3,3,4,2,2,2,4,4,1,4,4,1,5,1,2,4,1,3,2,3,4,4,1,3,3,2,5,5,5,3,5,4,1,1,1,5,2,5,5,4,3,4,3,4,2,4,1,4,4,5,1,4,4,2,2,5,5,2,1,3,4,1,2,4,3,3,2,5,5,5,5,4,2,4,3,4,2,1,4,4,1,1,1,1,5,5,2,1,5,2,3,4,2,2,3,1,5,3,3,1,2,2,3,1,2,1,1,2,2,5,4,5,1,3,1,5,4,2,2,3,3,5,2,2,4,2,3,3,3,4,4,5,4,2,4,3,1,5,2,2,1,1,4,3,4,1,3,3,5,4,2,1,5,3,1,3,4,5,1,2,3,1,4,2,5,1,3,1,3,5,2,3,4,3,3,2,1,5,2,2,4,1,3,1,4,3,1,2,2,2,1,5,3,1,5,2
Álvaro Castillo,3,4,2,2,5,1,2,5,4,4,1,3,2,1,1,2,1,4,3,3,5,5,4,1,5,4,4,2,5,2,2,3,3,4,4,2,3,4,2,4,5,3,4,4,5,2,2,3,5,1,5,4,4,2,4,2,4,5,1,2,5,4,5,2,3,4,2,2,2,2,3,2,3,3,5,3,5,1,3,4,2,1,2,1,3,1,3,1,3,4,5,1,2,4,5,5,5,4,1,1,5,4,2,4,5,2,1,1,1,2,2,5,3,2,3,1,3,3,4,3,3,2,3,5,3,4,2,1,5,4,2,2,5,3,1,1,1,4,2,2,1,3,2,4,1,4,3,5,4,3,4,5,4,4,2,5,5,4,1,4,4,3,5,1,2,5,3,2,5,4,1,5,1,4,3,5,4,4,4,5,3,3,3,4,5,1,2,2,3,3,2,5,5,5,5,3,2,1,4,4
Carmen Guzmán,3,4,2,1,3,3,4,2,1,2,5,1,4,2,2,3,5,2,3,4,1,3,3,1,4,1,4,3,5,3,1,2,1,1,5,5,5,4,4,2,4,3,2,3,3,5,5,1,4,5,3,2,2,1,2,1,3,5,3,5,3,1,5,4,1,5,5,2,1,5,1,3,2,2,1,3,3,2,5,2,5,3,2,1,2,3,3,5,3,1,3,1,4,4,4,1,5,5,1,4,4,5,4,2,2,1,2,5,5,5,1,1,5,2,2,3,1,1,1,5,2,3,5,5,1,4,1,2,5,3,3,2,3,1,3,4,5,2,1,3,1,3,3,2,5,4,3,3,2,2,4,2,1,4,3,5,2,5,3,2,2,5,3,4,4,4,1,5,5,2,4,5,1,4,2,3,3,4,2,4,1,1,5,3,1,5,4,4,5,2,5,1,2,5,3,5,4,5,5,2
Marco Gallegos,5,1,1,5,2,5,4,1,3,5,2,2,1,5,4,4,2,1,3,3,3,2,5,3,4,2,2,1,3,3,5,5,1,2,4,3,2,1,3,5,3,4,2,4,1,1,1,2,4,5,1,2,4,2,1,3,4,3,5,3,3,4,3,5,5,3,2,4,1,1,5,5,3,3,5,4,3,1,4,5,3,4,3,3,4,2,3,5,4,5,3,1,5,4,1,1,4,4,2,5,3,4,2,1,4,1,3,3,2,5,5,2,4,1,5,2,3,5,3,2,4,2,5,4,3,1,1,2,3,5,1,4,3,4,3,1,3,2,1,3,3,1,2,2,2,5,4,3,2,5,4,4,3,2,3,5,2,3,3,2,5,1,3,3,5,1,4,3,2,1,1,3,5,4,3,4,2,2,4,4,5,3,3,1,4,2,4,2,3,4,5,5,5,5,2,3,5,1,5,5
Julián Solís,5,3,2,1,3,3,5,1,4,1,1,5,3,5,3,4,3,4,4,4,2,5,5,1,1,5,1,2,3,5,5,3,4,4,3,1,5,5,2,5,2,4,3,3,1,4,4,4,3,5,3,5,3,4,4,4,1,4,1,3,2,4,5,1,5,5,4,2,3,5,3,2,5,2,2,2,4,5,4,2,2,4,1,3,1,1,1,1,5,2,2,4,5,1,2,1,3,3,1,1,2,5,3,2,1,4,5,1,3,3,4,1,1,5,3,1,4,2,1,2,3,4,5,1,2,1,5,3,5,3,1,5,3,4,2,5,5,1,3,1,1,1,4,1,3,4,1,3,5,1,1,5,1,1,4,3,2,2,1,3,1,3,1,4,2,1,5,4,1,3,3,5,5,5,2,1,3,4,2,3,4,1,4,2,2,2,3,2,2,2,4,1,5,5,3,3,2,4,5,4
Elena Vega,1,2,2,4,4,5,2,2,4,2,3,2,4,2,3,4,3,4,1,1,1,4,2,3,1,1,3,5,5,3,1,1,5,5,4,5,3,3,4,5,4,5,4,1,3,2,4,4,3,2,2,3,1,2,1,3,3,5,4,3,1,3,4,5,2,5,4,5,1,5,5,4,3,3,1,4,5,3,3,2,3,1,5,5,1,5,5,1,3,3,4,4,5,5,1,1,2,2,4,5,4,3,4,5,4,5,2,4,2,5,2,4,3,4,3,4,3,1,5,2,4,3,5,2,1,4,2,5,4,3,4,1,2,4,2,2,4,3,2,4,1,1,4,4,5,5,1,5,1,1,4,3,4,3,4,3,1,4,3,5,3,4,3,3,5,1,1,3,2,3,3,1,4,5,1,3,1,4,3,2,5,4,4,3,4,2,3,3,5,2,2,1,5,3,4,3,4,2,4,1
Alejandro Roldán,4,4,3,1,5,3,3,4,2,3,4,3,4,2,2,4,5,2,2,2,4,2,3,2,2,4,1,3,5,1,5,5,1,3,2,5,1,5,1,2,1,1,3,2,5,3,3,5,5,2,5,2,2,4,5,5,4,5,2,3,5,3,3,1,2,2,1,5,1,2,2,5,2,2,4,3,3,2,1,4,3,5,4,3,5,1,2,3,1,3,1,3,3,5,4,1,5,2,2,4,4,2,4,5,2,5,1,3,5,3,4,4,1,3,3,1,2,1,1,2,3,1,4,3,3,3,5,2,3,4,5,5,3,2,2,2,4,3,3,4,1,2,5,5,4,5,5,3,3,2,2,4,5,1,2,4,4,4,5,5,5,2,4,3,4,2,1,1,4,5,4,3,1,2,1,3,2,4,2,4,3,2,3,4,2,1,1,5,3,4,3,1,2,3,1,3,5,4,4,3
Marta Mendoza,1,5,1,3,4,1,2,3,4,5,2,3,5,1,4,3,2,2,3,5,5,4,1,1,4,2,2,2,4,2,3,4,5,1,5,4,5,1,1,5,3,4,2,1,3,1,5,5,5,2,1,5,2,5,3,5,2,2,1,5,1,2,4,1,1,3,2,1,1,1,2,1,2,5,1,5,2,1,5,1,1,5,1,4,1,3,5,5,1,1,5,1,2,4,1,3,2,5,1,3,3,4,2,5,5,1,1,4,2,4,1,3,3,2,2,3,2,3,2,1,4,4,4,2,5,2,1,4,3,2,1,4,5,5,3,5,4,4,4,2,5,1,1,2,3,1,4,1,2,2,1,3,4,4,4,3,5,1,5,5,5,4,5,4,1,3,4,4,4,1,4,2,4,3,5,5,4,5,3,4,3,2,2,5,5,4,1,5,5,3,3,3,2,3,2,4,2,2,1,2
Diego Campos,2,2,3,3,4,5,3,5,3,3,2,3,1,5,1,1,3,3,3,5,5,2,1,1,1,4,3,3,4,1,4,5,1,2,5,2,1,4,1,2,2,3,5,3,5,5,4,3,1,5,4,5,1,3,1,1,3,2,4,1,3,3,5,3,5,4,3,2,5,5,5,2,2,2,2,4,2,3,5,1,4,5,1,4,2,5,4,3,4,2,2,4,2,1,2,3,4,4,2,5,3,4,4,2,3,1,3,1,1,5,4,5,4,4,2,5,5,4,2,2,3,2,5,1,2,5,1,1,3,1,5,4,1,4,5,2,5,1,4,2,4,5,1,5,4,2,3,1,5,2,2,3,5,3,5,3,3,5,5,1,4,1,1,2,4,4,3,2,5,3,5,3,4,1,4,1,5,3,1,1,3,1,4,1,4,2,5,5,3,4,4,2,3,1,2,5,2,5,2,1
Beatriz Alvarado,1,1,5,2,1,2,4,1,2,1,3,1,3,2,3,5,1,1,4,3,2,1,3,3,3,1,2,4,3,3,5,1,1,3,3,5,5,4,1,3,1,1,4,2,5,3,1,2,4,5,4,5,4,5,2,4,2,1,4,2,3,5,2,2,2,5,5,2,2,1,4,3,3,1,3,3,5,1,3,1,3,4,4,2,2,1,1,1,2,5,5,1,2,4,4,1,2,1,1,4,2,5,5,1,2,1,2,1,1,1,1,1,5,1,3,4,4,5,1,4,2,1,5,4,5,5,2,1,3,3,2,2,4,2,1,3,5,4,5,4,4,1,3,1,4,2,2,3,5,2,2,2,4,5,2,3,4,2,3,2,4,5,1,4,4,3,2,4,4,2,1,2,3,4,4,2,4,4,5,4,4,3,5,3,2,4,4,1,2,2,2,4,1,5,2,3,2,3,5,1
Daniel Rojas,4,1,3,2,2,3,1,5,2,5,3,3,5,1,2,3,3,1,3,4,2,3,2,2,5,2,2,4,4,1,1,5,5,5,5,5,5,3,2,1,5,3,2,3,5,4,3,3,3,5,1,2,3,1,2,4,2,1,2,3,4,3,4,5,5,1,4,5,3,3,4,2,3,1,2,1,1,5,4,5,2,4,5,3,1,2,1,1,1,1,4,1,2,4,1,3,2,3,5,2,1,5,1,2,1,1,4,4,5,3,2,3,2,4,2,3,4,5,1,3,5,2,4,2,2,1,4,4,3,5,3,3,5,4,1,4,3,2,3,3,5,5,3,3,4,5,3,3,3,1,3,4,5,4,2,1,2,2,1,2,2,5,3,1,2,3,5,2,5,1,2,3,1,4,2,4,4,1,3,2,1,4,5,2,4,4,4,4,1,3,1,1,1,4,3,3,3,5,4,5
Silvia Cáceres,2,2,4,1,3,2,3,5,4,4,5,3,1,3,2,4,2,3,1,3,4,5,3,2,4,2,2,3,5,2,5,4,2,3,3,1,5,2,4,5,5,2,2,4,4,5,4,5,3,1,5,4,4,2,3,5,1,4,5,3,1,3,4,1,1,3,1,3,2,2,3,1,5,2,3,2,1,1,1,3,3,5,3,4,1,3,1,1,5,2,3,5,1,2,3,3,2,5,2,1,3,4,4,3,4,4,5,4,5,5,3,5,3,4,1,2,2,1,5,4,5,3,4,5,1,4,1,4,2,5,4,2,3,1,1,1,3,2,1,2,3,5,4,3,4,2,2,4,4,4,1,3,3,5,2,4,3,3,2,3,3,1,3,3,3,3,5,5,3,5,1,2,1,3,5,3,2,5,4,2,3,2,5,4,1,4,4,4,4,2,5,5,5,2,4,2,3,2,1,5
Nicolás Pantoja,5,5,5,3,4,2,1,3,2,2,4,2,1,2,3,5,3,1,5,1,2,4,3,3,4,5,4,2,3,1,4,4,5,3,5,5,5,1,2,3,3,4,1,5,4,5,3,3,2,3,4,5,1,3,2,5,1,5,4,2,1,4,4,4,2,3,1,1,4,2,2,4,5,1,2,4,3,5,3,5,5,2,3,5,1,1,5,4,1,3,5,4,2,5,2,1,5,1,2,3,4,5,3,1,1,5,4,2,5,1,2,1,1,3,2,5,3,4,1,2,4,1,4,2,5,3,5,4,3,4,3,2,5,1,1,5,3,2,2,4,4,2,2,2,2,2,1,1,5,1,1,4,2,1,4,1,2,2,2,3,3,4,1,1,1,5,4,5,5,1,4,3,2,2,1,1,2,5,5,3,2,2,2,3,1,2,5,1,1,5,3,3,3,1,4,2,4,2,1,3
Lorena Rivas,5,4,2,5,2,2,4,3,3,1,3,2,2,3,4,2,2,1,2,1,3,1,1,3,4,3,5,4,4,5,1,4,4,4,2,3,1,2,5,3,3,2,4,2,1,3,5,3,5,1,3,4,1,5,4,3,3,5,4,4,5,1,5,3,5,4,4,2,2,5,4,5,2,4,4,2,1,3,5,1,5,5,3,1,2,4,1,3,2,5,2,5,2,1,2,5,2,1,4,3,2,1,4,2,2,5,3,3,2,3,1,1,3,1,2,1,2,3,1,4,5,3,1,1,1,4,4,1,5,1,3,1,4,1,1,2,1,3,4,5,3,3,5,1,2,2,1,1,2,5,2,2,5,5,4,1,5,3,4,3,3,5,4,5,3,5,1,4,5,5,4,4,2,4,4,3,5,4,1,5,4,4,1,4,4,3,4,1,1,4,3,4,5,1,3,5,2,1,2,4
Andrés Morales,5,1,1,4,5,3,4,1,5,4,4,1,1,5,3,5,5,2,4,5,2,4,1,3,2,5,2,2,4,2,2,3,1,1,4,2,3,2,1,2,4,5,4,5,2,2,3,5,3,3,1,5,3,3,4,4,3,1,1,5,1,1,3,2,3,5,2,1,3,4,5,3,1,1,4,4,5,2,3,3,3,2,1,4,5,2,3,4,5,5,1,2,1,1,4,1,3,5,2,5,3,5,3,1,5,4,1,1,4,2,4,1,2,4,1,4,5,5,3,4,1,2,3,2,3,4,1,2,1,5,4,3,1,4,4,3,2,2,3,2,5,3,2,1,5,2,3,5,4,1,2,3,3,5,5,4,4,5,4,4,4,1,2,1,4,2,2,5,5,4,4,1,5,3,4,2,1,2,3,4,4,5,3,5,4,5,2,3,1,4,2,4,3,3,5,1,4,1,4,4
Rosa Vargas,4,5,1,5,4,4,5,2,5,5,3,5,1,3,3,4,5,4,1,5,2,1,1,3,1,1,5,5,5,1,1,1,2,2,2,3,1,2,3,4,1,4,3,1,3,4,4,1,1,3,3,1,2,2,5,2,1,2,1,2,3,3,2,1,5,3,3,5,4,1,2,2,4,5,2,1,3,4,3,5,1,4,5,5,1,2,4,2,5,5,2,3,3,5,5,1,5,2,5,2,3,2,5,4,1,3,1,1,3,4,2,2,2,3,4,3,1,3,4,3,3,2,5,5,1,2,2,4,4,5,3,1,1,1,2,4,1,2,4,1,1,3,4,2,4,4,5,5,3,2,5,5,3,4,2,5,1,3,4,4,2,2,2,3,3,3,5,5,1,4,2,4,2,3,2,2,2,2,5,3,5,5,3,5,1,3,3,3,1,4,5,2,1,1,3,5,3,5,3,5
Eduardo Castillo,1,1,1,2,1,4,3,4,2,3,1,5,4,4,4,4,3,2,5,5,2,3,3,4,1,2,3,2,5,1,3,2,5,5,5,3,3,3,1,1,3,2,1,5,4,1,5,1,1,1,3,2,2,3,2,1,1,2,1,3,5,5,1,1,5,4,5,5,2,1,4,3,4,1,3,4,3,4,4,2,2,5,2,1,1,5,3,5,4,3,4,2,3,4,1,4,2,5,1,2,2,3,2,3,2,5,5,1,4,2,1,4,5,5,4,3,1,2,5,4,1,4,1,5,3,1,2,4,5,2,4,1,1,2,3,3,1,1,5,4,3,3,2,3,2,4,3,5,2,2,5,4,1,1,4,3,1,5,4,1,4,4,4,3,4,5,3,4,2,1,4,1,3,2,5,2,4,4,2,5,3,5,3,1,2,5,2,4,3,4,4,1,2,1,5,3,2,3,1,5
Sonia Guzmán,4,5,3,4,3,1,2,2,4,4,5,1,5,5,1,5,3,3,3,5,4,4,4,4,5,4,2,2,4,4,3,4,5,5,2,2,3,5,2,5,3,2,4,5,1,4,4,5,3,3,3,2,5,3,3,1,3,5,4,1,2,2,1,3,5,1,3,2,1,2,2,5,5,3,3,5,4,4,4,2,1,5,3,2,4,1,2,3,3,5,4,4,2,1,5,5,4,4,1,5,2,4,5,5,5,1,3,4,1,5,1,5,4,3,3,2,2,5,4,2,2,1,2,4,2,5,5,4,1,2,3,4,5,5,4,2,5,4,5,1,3,5,1,4,1,1,3,5,2,3,4,1,1,4,1,2,4,4,2,4,3,5,3,3,5,4,1,3,4,5,3,1,2,5,5,3,3,3,5,4,1,2,5,2,3,4,4,4,4,5,1,2,3,3,4,2,2,3,3,3
Manuel Gallegos,3,5,1,2,3,2,5,5,5,2,2,2,2,3,3,1,2,1,2,4,3,3,1,2,4,3,1,5,1,4,4,5,3,2,2,1,1,3,5,4,2,1,2,3,3,2,5,3,4,1,4,5,1,3,1,2,3,4,5,1,2,1,4,2,3,3,5,3,3,4,1,3,5,3,3,4,3,5,3,3,3,5,3,4,1,2,4,4,5,5,5,5,1,4,4,5,4,3,2,2,3,5,5,3,5,1,5,1,1,2,1,3,1,3,5,5,2,5,2,2,4,3,2,1,3,4,5,4,2,2,3,2,3,4,2,1,2,1,5,5,4,4,1,4,5,4,4,4,1,4,3,2,3,2,2,1,2,2,3,2,4,4,1,5,2,3,2,4,1,5,2,5,3,2,2,4,3,5,4,5,1,4,3,2,4,5,2,1,4,4,4,4,5,4,3,2,3,3,4,4
Julia Navarro,5,4,5,1,1,3,2,1,5,2,1,3,4,2,2,4,4,3,2,3,5,1,5,3,1,5,5,3,1,4,3,4,1,4,1,2,5,4,5,1,2,5,4,2,3,5,4,4,1,2,3,4,3,1,1,1,2,2,1,5,4,5,5,3,4,5,4,4,2,1,4,5,2,2,3,2,5,1,4,3,2,4,1,5,1,1,2,2,2,1,1,2,2,2,3,4,5,4,2,1,1,2,1,2,3,2,5,2,5,2,1,1,1,4,2,3,4,5,3,1,2,3,2,4,3,3,5,3,3,5,3,4,2,4,1,5,5,5,1,4,3,3,3,2,4,1,5,3,4,1,3,4,5,2,3,2,3,2,4,2,5,1,4,1,1,4,4,4,1,1,4,2,1,4,4,4,1,3,5,2,3,3,5,4,5,2,5,2,2,3,2,4,1,1,3,3,5,3,5,2
Antonio Solís,5,1,2,5,2,5,5,2,5,4,3,4,5,1,3,5,4,2,3,3,2,4,2,2,2,2,3,3,4,3,3,2,2,1,5,1,1,3,5,4,5,5,2,1,5,1,4,2,1,5,2,2,1,1,1,3,2,3,3,5,2,3,2,3,2,3,2,5,4,3,1,4,2,2,3,5,2,5,4,4,3,3,5,1,5,1,1,1,5,3,2,1,1,1,5,5,5,1,2,3,4,1,5,3,1,4,5,2,5,4,3,4,4,2,3,2,3,3,3,1,2,3,5,2,4,3,1,3,2,1,3,3,2,3,4,1,2,3,4,5,5,2,4,4,2,4,4,2,2,1,4,5,5,4,1,2,4,5,1,4,2,4,5,5,3,1,1,5,5,3,2,3,5,3,4,5,5,5,2,4,2,1,3,4,1,2,5,2,5,3,3,1,1,1,2,3,1,2,3,3
Inés Vega,3,1,1,5,5,2,3,4,2,1,1,2,3,3,2,1,4,4,4,4,5,4,4,3,1,1,5,3,3,5,4,4,2,4,3,3,5,4,5,3,2,1,3,2,3,2,3,2,1,3,5,5,5,3,1,3,5,2,3,1,2,1,3,5,5,2,2,2,1,3,2,2,4,1,5,1,3,4,1,4,4,3,5,5,2,1,3,3,2,4,1,3,2,4,2,3,3,1,1,5,4,2,3,2,2,2,5,1,4,1,2,2,2,2,4,5,2,2,3,4,2,5,5,1,2,5,3,4,5,3,4,1,3,3,4,4,1,1,2,1,2,4,3,1,3,1,2,4,2,1,1,1,5,5,1,5,2,3,3,2,2,4,3,3,3,1,4,2,5,3,1,2,2,3,2,1,2,1,4,1,3,1,1,1,4,1,4,3,4,4,3,1,2,3,4,4,2,4,5,3
Francisco Roldán,5,3,4,1,2,5,3,1,4,3,5,5,4,4,5,5,3,1,4,1,3,4,2,3,4,4,1,4,4,1,2,5,3,5,1,1,5,3,1,5,3,2,5,3,2,4,4,2,2,1,1,5,2,1,3,4,2,2,2,2,4,4,5,4,5,1,3,3,2,4,5,3,3,1,4,3,2,3,5,4,3,5,2,2,1,2,2,2,1,5,3,4,5,3,2,3,2,1,4,1,3,2,3,1,3,5,2,4,1,5,3,4,2,1,1,4,5,1,4,4,1,2,5,4,2,4,5,3,1,5,1,5,4,2,5,2,1,2,1,3,5,4,1,3,4,4,5,2,3,3,4,1,4,1,4,3,3,5,2,2,3,2,1,4,1,1,2,5,4,5,3,3,4,1,4,3,2,1,3,4,3,3,1,4,4,2,2,3,5,1,1,5,3,4,4,3,3,3,1,5
Pedro Campos,5,5,5,2,4,3,2,5,1,5,5,1,5,1,5,5,1,2,3,4,4,4,2,4,1,1,3,1,5,1,4,5,4,1,4,2,1,4,5,2,3,1,3,2,5,4,1,2,4,2,1,3,3,1,1,4,4,2,4,1,3,1,2,2,1,3,4,5,1,3,4,4,3,4,2,2,2,5,1,2,1,5,3,5,4,1,5,2,5,5,5,3,4,3,3,1,3,5,3,1,5,4,2,5,4,2,4,3,5,3,5,5,2,2,3,1,3,2,2,4,2,4,5,4,5,5,2,5,4,3,4,3,3,3,3,4,3,1,2,1,1,3,4,2,1,1,5,4,1,5,5,2,1,5,1,2,3,1,3,1,3,5,3,2,2,1,1,2,1,5,3,1,2,1,4,3,4,2,1,3,2,1,1,1,4,3,3,5,4,5,3,1,2,2,4,2,3,3,3,4
Martina Alvarado,2,2,1,1,4,4,2,4,2,5,2,1,4,3,4,1,4,3,2,3,4,4,4,2,2,5,3,1,2,2,1,1,1,1,2,5,4,5,5,2,1,3,2,5,4,3,4,4,1,4,2,1,2,1,3,2,1,4,4,2,5,5,4,1,1,4,3,2,4,1,1,2,2,1,1,3,2,4,5,1,4,1,2,4,1,1,1,1,2,5,5,4,4,4,2,4,2,4,1,2,1,2,4,4,1,1,4,2,5,1,5,4,5,5,5,3,4,2,1,2,5,3,1,3,2,5,5,1,1,1,2,5,1,4,2,5,3,5,4,2,3,2,3,3,1,3,4,1,5,1,3,2,2,5,2,5,2,2,4,4,3,3,5,5,4,3,2,4,3,1,2,1,1,3,5,5,3,2,2,5,4,2,2,5,1,2,3,4,1,2,4,5,5,3,2,3,3,4,1,2
Juan Rojas,2,3,3,2,4,5,2,4,3,4,3,5,1,4,4,2,5,3,5,3,3,1,5,1,3,4,1,1,1,5,2,1,1,3,5,1,1,2,3,2,5,4,4,1,1,2,1,4,1,5,1,2,2,2,1,3,3,4,3,3,3,3,5,2,5,5,4,4,5,5,4,4,5,3,4,4,4,5,4,4,2,4,2,1,5,3,4,4,1,5,3,2,2,5,5,2,1,2,4,1,1,2,1,3,1,1,5,4,3,4,4,4,2,2,2,5,4,5,3,4,3,2,2,5,3,2,1,3,2,1,5,3,5,4,3,1,4,3,5,1,4,4,2,1,3,5,3,2,2,2,5,2,4,2,2,2,2,3,5,5,1,1,5,3,4,4,4,5,5,4,1,5,2,5,1,3,3,4,4,3,5,2,5,5,2,5,3,3,3,5,4,5,5,2,5,4,5,2,3,5
Victoria Cáceres,5,4,2,4,3,4,2,5,2,1,3,1,5,1,4,2,1,1,3,2,1,2,2,2,3,3,1,1,1,2,3,2,5,5,3,5,5,3,5,5,2,1,1,3,3,4,4,2,2,1,1,3,5,3,4,1,4,4,2,3,3,4,1,3,5,4,4,1,2,3,2,5,2,4,2,4,1,3,5,2,4,4,2,4,4,4,4,2,1,2,4,4,2,5,4,4,3,2,3,3,3,2,5,2,3,3,4,5,1,4,2,3,1,2,2,3,1,3,3,4,1,2,3,5,4,1,3,1,4,3,3,2,2,2,5,4,4,1,5,1,3,3,1,5,1,3,3,1,1,4,3,5,2,5,1,3,2,5,2,3,5,2,4,1,2,5,2,4,1,1,3,3,4,5,1,1,2,4,4,3,3,5,5,5,4,5,1,1,4,5,1,2,4,5,5,3,2,2,2,3
Carlos Pantoja,4,5,1,1,4,2,1,4,4,5,1,2,5,3,5,1,2,5,3,5,5,4,2,5,1,1,4,5,3,1,5,1,1,4,5,5,5,4,3,1,1,2,3,5,5,3,2,1,3,5,5,5,4,3,4,3,1,1,2,5,1,1,5,1,4,5,2,5,1,4,2,2,3,3,4,2,1,5,5,2,3,1,5,4,3,2,4,4,5,5,5,4,5,1,5,5,4,4,4,3,3,2,2,1,5,2,5,4,1,3,4,4,3,1,5,2,3,3,5,2,3,1,1,5,4,1,4,3,1,1,3,5,5,4,3,3,3,3,1,4,1,5,4,2,5,3,1,4,1,1,2,2,3,4,3,4,4,3,5,1,5,5,3,2,3,2,2,1,3,5,4,5,4,1,5,3,1,1,2,5,2,2,2,2,4,5,3,1,2,3,1,4,1,1,4,4,4,1,4,4
Luis Morales,4,5,4,4,3,5,1,3,1,5,2,5,1,1,2,2,1,1,4,1,2,4,2,3,1,3,5,5,2,1,3,5,4,1,4,3,2,5,2,4,5,3,2,3,5,4,4,4,4,4,1,2,5,1,1,2,4,5,4,3,3,5,1,5,3,5,3,3,3,2,2,3,5,1,5,1,2,3,2,1,2,2,2,2,4,4,2,2,3,3,1,1,3,3,2,1,2,5,4,2,3,3,2,1,2,5,2,4,5,4,4,1,4,1,2,2,2,3,2,5,5,2,5,2,4,4,1,1,4,3,3,4,1,1,5,1,5,2,4,2,3,5,5,3,4,1,1,2,4,5,2,3,4,4,5,2,3,2,1,3,1,2,4,4,3,3,1,4,4,1,4,3,1,2,2,4,1,1,3,1,1,4,3,1,1,1,1,1,2,4,3,4,1,2,2,1,4,2,1,3
Carmen Vargas,1,4,3,3,2,2,4,3,2,1,1,3,2,2,3,5,1,1,2,2,3,1,3,5,3,2,1,1,4,3,4,4,1,2,5,1,5,2,2,5,2,1,4,4,1,1,2,1,2,4,1,5,5,3,4,3,1,2,4,5,4,5,1,1,5,2,5,3,3,4,2,3,1,2,3,5,5,1,2,5,5,2,2,4,4,1,4,5,5,4,2,1,3,3,1,5,5,4,5,2,2,5,4,1,5,2,2,5,5,5,1,3,4,3,2,4,1,5,3,1,4,5,2,4,5,3,4,1,3,1,5,5,4,4,5,1,4,5,3,5,3,5,2,2,3,5,5,4,1,4,3,2,4,5,2,2,1,2,4,5,1,3,4,1,2,2,2,5,1,3,5,1,4,3,4,3,4,1,3,3,1,1,2,5,3,5,1,3,1,1,3,4,5,3,2,3,4,5,2,4
Rafael Castillo,4,1,4,3,4,3,4,2,1,1,4,1,5,1,4,1,3,4,1,5,4,3,1,1,1,2,1,5,1,1,3,2,1,1,2,2,1,4,3,1,1,5,1,4,1,5,1,4,4,5,4,5,1,5,4,5,2,3,1,2,2,2,1,4,3,4,4,3,2,5,5,5,3,4,2,3,2,2,3,2,3,5,3,1,4,4,1,4,3,5,2,5,1,4,5,4,5,1,5,4,2,2,1,1,2,2,1,2,1,5,1,1,4,4,1,2,5,3,4,4,1,2,4,4,4,3,1,4,4,3,1,5,5,5,3,5,5,4,3,2,5,4,4,2,4,4,4,2,2,2,1,5,3,5,2,4,5,4,1,2,4,1,1,4,2,1,2,4,4,4,3,4,5,5,4,2,4,5,2,2,2,1,1,2,3,5,4,3,3,3,1,1,3,4,2,3,4,2,4,3
Patricia Guzmán,4,5,2,3,3,5,5,2,2,4,1,1,5,2,4,5,1,1,3,3,1,3,2,5,2,3,4,5,1,4,3,3,4,4,4,5,1,1,1,4,4,3,1,2,1,5,1,4,3,1,1,2,1,4,4,5,1,2,2,4,4,5,1,4,5,5,5,1,5,4,4,5,1,3,1,1,5,3,3,1,1,1,2,3,2,1,4,5,3,1,2,1,1,3,1,4,4,3,1,3,4,2,5,3,4,4,5,1,3,1,2,1,3,3,1,5,1,5,5,5,1,1,4,5,4,4,1,5,3,1,4,3,3,1,4,4,2,2,3,2,4,2,3,3,3,5,3,4,1,4,2,5,5,1,3,1,2,5,3,5,5,5,5,1,2,2,4,5,3,3,5,5,3,1,4,2,3,2,2,1,5,2,1,5,1,3,3,5,1,5,2,2,5,1,5,4,4,1,5,5
Emilio Gallegos,5,3,1,4,1,4,4,5,3,5,3,1,2,3,5,5,4,3,5,2,4,5,2,1,5,3,1,2,4,2,1,1,2,4,5,1,1,5,4,5,2,5,3,4,5,4,4,4,3,1,3,3,2,3,3,3,2,3,1,4,4,2,2,2,2,2,2,5,5,1,3,3,3,4,3,1,4,5,3,1,4,4,3,5,1,3,4,5,3,4,2,2,2,5,2,5,4,2,3,4,1,2,3,2,2,1,5,2,4,1,5,3,5,3,2,5,2,5,3,5,2,3,3,5,4,4,4,2,4,4,4,1,4,3,2,5,2,3,3,2,1,2,5,5,4,3,2,5,3,1,2,4,1,3,5,4,4,3,5,4,1,1,3,1,4,4,2,2,3,2,3,4,2,3,5,4,4,4,1,4,4,5,1,1,4,1,1,1,2,2,3,1,4,5,4,5,2,4,5,2
Clara Navarro,2,5,5,2,4,5,4,5,2,5,1,2,5,1,1,2,1,3,2,1,1,3,2,1,1,4,3,2,3,4,5,5,4,4,3,2,2,4,2,2,2,2,5,2,2,3,3,5,2,3,4,2,4,1,4,3,3,1,1,5,4,2,2,1,5,1,1,5,1,2,4,3,1,2,4,5,5,5,2,3,3,5,4,3,3,2,3,3,1,4,5,3,4,3,4,3,5,4,1,1,1,3,1,2,1,2,3,5,4,4,2,1,5,2,2,4,3,1,1,2,3,1,4,5,2,2,5,3,2,4,3,3,3,3,1,3,5,5,1,5,1,4,5,1,2,5,3,1,2,3,3,4,3,1,4,5,4,2,4,4,2,5,3,3,5,2,2,5,3,4,3,2,2,4,3,2,3,2,4,3,4,3,4,1,5,1,4,1,3,4,5,3,5,4,1,5,2,4,2,4
Hugo Solís,1,1,2,3,5,3,4,3,5,3,3,5,1,3,4,5,2,2,3,5,5,1,1,3,4,3,3,4,4,5,3,2,4,5,3,5,1,3,2,3,4,4,1,4,1,3,2,4,1,1,4,2,2,4,2,5,3,5,1,4,1,1,5,1,4,4,1,5,5,4,4,2,2,5,5,5,1,4,2,4,1,3,1,1,2,3,4,3,5,4,2,5,5,4,2,1,2,5,4,4,1,1,2,3,3,4,4,1,1,3,5,4,4,4,2,1,3,2,1,1,5,2,5,2,1,5,2,5,1,1,4,1,4,1,1,1,5,5,1,2,4,5,5,3,4,4,1,4,4,2,2,3,1,5,5,3,4,4,5,5,1,5,4,2,3,2,3,3,5,3,4,2,4,2,4,3,2,4,2,1,2,3,3,3,4,5,5,2,3,1,3,4,3,3,5,4,5,2,3,2
Laura Alvarado,4,5,5,2,3,2,1,5,5,1,5,3,5,5,1,1,2,1,1,5,3,5,1,1,4,4,2,1,3,3,5,3,5,5,5,1,3,3,3,2,1,2,2,2,2,5,4,4,3,1,1,4,1,5,1,2,3,5,5,2,4,5,4,5,5,2,5,1,1,3,1,4,4,1,3,4,3,3,3,2,2,1,3,5,2,3,4,4,1,4,3,3,5,5,5,4,1,2,2,3,2,4,4,5,1,5,1,5,3,1,5,1,2,4,2,1,5,5,5,1,1,2,3,3,2,2,3,1,1,4,5,1,4,2,4,2,2,5,1,3,4,3,5,1,4,4,3,3,2,4,5,3,3,5,1,1,2,3,3,3,5,3,2,1,5,3,4,3,2,3,5,2,1,2,2,1,4,5,1,1,4,5,1,2,4,4,5,5,1,5,2,1,2,5,5,5,3,1,3,5
Javier Rojas,4,1,2,1,4,5,3,5,2,5,4,2,2,4,2,4,1,1,1,2,2,2,5,3,3,1,3,2,4,3,1,5,5,2,4,2,2,4,3,4,1,1,3,1,4,3,5,4,3,3,5,5,5,5,4,3,3,3,3,5,2,3,3,3,5,4,2,4,4,2,4,3,1,4,4,2,1,4,2,4,5,1,5,4,4,5,4,5,4,3,5,1,2,2,5,2,4,3,5,2,4,3,5,2,4,4,3,1,3,4,3,3,1,5,4,3,1,3,1,4,3,3,2,2,3,3,5,5,1,3,1,5,2,2,5,4,2,5,5,5,5,5,5,2,5,5,3,3,2,4,5,2,5,1,5,1,3,5,1,3,1,3,1,4,4,2,4,2,2,2,5,4,5,1,5,5,3,1,1,5,5,2,2,1,5,5,5,5,2,3,1,5,3,5,3,3,4,3,4,2
Susana Cáceres,5,5,5,5,2,2,1,2,3,5,1,1,3,4,3,2,3,3,2,5,4,3,1,3,5,5,4,1,1,5,5,3,3,4,5,4,2,4,2,1,2,4,3,5,3,5,1,5,4,3,2,2,1,5,4,1,4,2,4,2,1,4,4,5,2,2,5,2,5,2,5,2,4,2,4,3,1,4,4,5,5,4,3,1,3,3,2,2,5,5,4,3,5,2,5,1,3,3,2,1,5,3,2,1,2,4,4,4,2,3,4,3,3,3,4,4,1,2,5,2,1,4,3,5,4,1,4,3,2,3,1,2,3,4,3,1,3,3,2,5,5,3,4,5,4,1,3,2,5,3,2,5,3,5,2,4,2,2,3,4,5,1,4,2,1,3,3,1,1,2,3,3,4,4,5,4,4,4,2,2,4,2,2,3,4,2,3,1,4,2,3,2,1,1,3,4,2,3,5,4
Miguel Pantoja,4,2,5,2,2,1,2,2,5,3,5,2,1,4,1,2,3,3,3,3,5,3,2,5,2,4,3,5,3,5,5,1,5,3,2,5,3,4,2,4,2,3,3,4,1,1,4,3,2,3,4,2,2,4,1,2,5,5,4,1,3,2,5,2,1,5,2,1,2,2,1,5,4,4,2,5,5,3,3,4,4,2,2,3,4,4,5,3,2,3,5,3,2,4,3,4,5,3,3,1,4,2,5,1,4,2,4,5,2,3,1,3,1,2,3,2,5,3,2,5,3,5,2,4,4,4,1,4,4,1,1,4,3,1,1,5,1,2,1,2,2,1,1,3,4,4,4,4,3,3,4,5,3,2,3,1,3,2,5,2,2,4,3,1,4,5,2,3,1,3,3,5,4,5,4,4,3,4,1,3,3,1,3,3,3,5,4,5,2,3,2,3,1,5,4,4,1,5,5,2
José Mendoza,1,2,1,2,4,1,4,2,5,4,1,1,5,3,4,5,3,2,2,3,2,3,1,4,2,4,5,5,1,4,4,1,2,5,5,2,1,2,5,3,4,4,2,1,3,5,2,2,2,1,1,5,2,3,1,2,3,1,5,1,4,3,1,4,2,1,4,4,3,3,4,1,4,5,3,1,4,1,4,4,2,1,4,3,3,1,1,5,3,3,1,3,1,3,4,2,5,4,5,1,5,1,4,2,4,1,2,3,5,5,2,4,1,4,4,2,4,2,2,4,5,1,4,5,4,4,3,5,1,2,2,5,4,5,5,3,4,3,5,5,5,2,4,3,2,4,5,2,1,2,2,5,4,1,5,4,1,2,4,4,4,4,4,2,1,3,4,5,3,1,4,1,1,3,3,3,2,4,5,1,2,2,2,3,4,3,5,5,2,1,2,2,2,1,3,4,1,1,4,1
Fernando Alvarado,2,1,4,2,3,3,2,3,1,5,2,3,5,2,5,3,1,1,3,3,1,3,3,2,5,3,3,1,1,5,2,3,4,4,3,4,4,4,1,2,1,1,5,5,5,4,2,1,4,3,1,5,4,1,4,4,3,5,5,1,2,1,1,2,4,4,4,2,3,2,5,1,4,2,4,3,5,4,3,1,5,1,4,3,2,5,4,5,2,1,5,4,2,1,1,1,1,2,4,4,5,1,5,3,1,3,2,5,2,5,1,3,2,5,3,1,2,4,1,3,3,3,5,5,2,3,1,1,1,3,5,4,5,2,1,5,2,1,5,2,5,5,3,4,2,5,4,1,4,4,3,3,1,3,4,2,5,4,5,2,4,5,5,1,5,4,5,5,3,2,2,5,4,3,3,4,4,4,4,5,1,1,5,2,3,2,5,4,3,2,5,4,2,1,3,5,3,5,4,4
Irene Vega,4,1,4,1,4,5,4,1,3,2,3,4,1,3,3,5,2,5,2,2,3,1,4,3,1,4,4,1,2,3,2,1,3,1,5,1,4,4,2,5,3,3,3,1,4,1,5,1,1,5,4,5,5,3,1,1,3,4,4,1,5,4,1,5,1,4,5,4,2,4,2,2,2,1,4,2,4,5,5,1,3,3,1,2,1,1,1,2,4,1,2,1,2,3,3,1,5,4,3,2,3,2,5,2,5,5,3,5,3,3,5,1,2,5,5,1,5,3,1,5,3,4,1,1,5,4,5,4,1,1,5,5,3,5,4,5,5,5,5,5,1,2,3,2,5,2,5,2,3,3,2,4,3,2,4,3,5,4,5,2,2,2,5,1,5,4,1,5,5,4,1,4,1,2,3,5,3,3,5,2,1,4,2,4,3,3,4,5,2,4,3,2,2,1,1,2,1,5,4,2
Ángel Castillo,1,4,1,4,4,2,4,2,3,1,3,3,4,4,1,1,3,5,4,2,5,4,1,3,3,4,2,4,1,1,3,5,3,3,1,2,3,1,4,3,4,3,2,4,4,2,5,1,2,1,2,2,4,1,2,3,3,1,4,3,3,4,5,4,5,2,2,2,4,2,1,5,3,1,4,5,3,3,5,1,3,4,5,3,4,1,3,3,2,4,3,4,2,5,5,1,5,1,2,3,3,5,1,2,3,2,3,3,3,5,2,2,1,4,4,1,1,3,4,2,3,4,1,3,1,3,3,3,2,3,1,1,4,5,2,2,2,5,5,2,5,3,5,3,5,4,1,5,1,1,5,5,4,3,5,2,3,3,3,1,3,4,1,2,5,4,5,2,1,4,3,3,3,4,5,1,4,2,4,4,3,3,5,5,1,5,2,4,5,1,3,3,5,1,3,4,3,3,5,2
Blanca Guzmán,3,2,5,3,4,4,4,4,1,3,5,5,1,5,2,2,5,1,1,1,5,5,3,3,3,3,4,4,4,2,1,5,4,2,3,2,5,5,2,5,1,5,5,4,5,2,2,1,1,3,1,5,4,2,3,1,4,4,1,1,5,5,2,5,1,4,4,2,3,3,5,4,3,2,3,1,3,2,4,5,3,5,2,4,1,5,3,1,4,2,1,2,1,2,4,1,3,1,4,4,2,5,1,4,5,5,4,3,4,3,4,1,4,3,1,5,2,1,2,1,2,2,2,5,2,4,2,2,4,1,1,5,5,4,4,5,2,5,2,3,4,3,5,2,5,5,2,1,4,2,1,4,3,3,1,5,5,3,4,2,1,1,2,2,1,5,2,1,3,2,2,1,3,2,5,1,1,5,4,3,4,2,5,5,5,1,3,3,3,2,4,1,3,5,1,4,3,1,3,5
Guillermo Galvan,3,3,4,4,4,5,4,1,3,5,5,2,4,1,3,1,2,3,3,5,1,1,3,5,3,5,3,4,3,2,5,4,4,4,4,1,3,5,5,5,3,1,1,5,4,4,5,3,1,4,1,5,1,1,2,5,3,4,1,4,5,2,4,3,5,5,3,3,5,5,5,3,4,5,2,1,5,2,4,3,5,5,2,2,5,3,5,5,2,1,3,4,2,4,1,2,5,1,3,5,2,2,4,5,3,2,5,1,5,3,3,5,5,4,3,4,4,4,5,4,4,3,3,2,2,4,5,5,5,5,4,3,4,3,1,1,3,3,2,3,1,1,5,4,2,4,2,2,1,5,4,1,3,4,2,5,4,3,3,1,1,5,5,2,3,4,5,3,5,4,2,3,1,2,3,3,5,3,5,2,1,3,4,2,1,5,5,3,3,3,5,4,1,5,3,4,4,5,3,2
Gabriela Hernández,2,5,4,1,5,2,2,2,1,3,1,4,2,4,3,5,1,2,4,2,4,2,2,1,3,4,1,3,1,3,5,4,5,5,5,5,5,3,4,5,4,3,5,3,1,4,4,3,1,1,2,2,5,3,1,1,3,5,4,4,2,1,1,5,1,1,1,4,3,1,3,5,4,5,4,4,2,3,3,1,2,5,4,1,2,2,4,4,2,2,2,5,3,5,2,1,4,3,1,3,3,3,2,5,4,4,3,3,4,2,3,5,3,4,2,1,4,3,1,2,3,1,3,2,3,3,3,5,4,5,3,1,4,2,3,5,5,2,2,2,5,3,4,2,3,3,1,1,5,2,2,5,2,1,1,5,5,3,4,1,3,2,2,1,1,5,3,2,3,1,3,1,2,2,5,3,4,4,4,1,4,4,5,4,3,2,1,4,4,2,1,2,5,1,2,3,3,1,2,3
Andrés Castillo,4,5,1,3,4,2,2,5,1,1,4,3,3,3,1,5,3,3,5,3,1,5,5,3,1,2,3,4,4,2,2,5,1,1,1,1,4,5,5,4,1,5,5,4,2,3,5,4,5,3,1,1,4,5,4,4,1,1,5,3,1,2,2,3,4,1,3,4,4,1,3,1,3,5,1,4,4,5,3,2,1,2,4,3,2,2,4,4,3,1,4,4,5,4,3,4,4,4,1,3,1,5,1,4,3,5,2,4,3,5,1,3,2,4,4,1,4,4,4,2,3,1,5,5,2,3,3,3,2,5,1,2,4,2,2,2,4,4,3,1,2,2,2,4,5,2,3,2,2,3,4,2,1,3,5,2,4,3,5,3,3,2,5,3,3,4,1,3,4,3,3,1,4,5,5,2,3,4,5,5,3,2,4,5,5,5,1,5,1,2,5,5,5,4,1,3,3,3,2,2
Carolina Vargas,2,4,3,2,4,1,1,5,5,4,4,4,1,4,5,4,1,4,2,1,4,2,5,4,5,5,5,4,4,4,5,5,4,5,2,3,1,3,3,5,4,3,5,4,4,4,1,1,4,2,5,5,5,3,3,4,5,5,1,3,1,4,2,5,3,3,2,2,3,5,2,5,2,2,5,1,2,5,2,4,1,3,3,4,5,2,4,1,2,5,5,4,2,5,2,4,3,2,2,5,1,2,3,1,2,1,1,2,1,5,3,4,4,5,5,1,2,1,2,4,2,5,1,1,2,4,3,2,4,2,5,2,3,2,4,3,4,3,5,2,2,3,2,3,4,2,3,2,3,2,2,1,4,3,1,3,4,5,4,3,1,5,1,5,2,1,3,4,2,4,2,4,1,2,2,3,4,1,1,5,4,3,2,5,3,4,3,5,5,5,3,1,2,5,1,3,2,4,1,4
Luis Guzmán,2,4,1,4,4,3,5,2,3,5,1,4,4,2,5,3,4,2,1,3,2,2,2,2,5,4,5,2,4,5,5,3,3,5,5,3,5,1,3,1,2,5,5,3,1,3,2,1,1,5,1,5,5,4,1,3,1,2,4,2,3,2,3,1,3,2,3,4,1,4,1,1,1,1,1,1,3,5,2,4,3,4,3,2,3,4,5,4,3,3,2,2,2,3,4,3,1,3,4,3,2,3,5,2,4,1,4,4,5,2,2,2,2,2,5,4,1,5,4,5,5,1,4,2,2,4,2,1,3,4,2,2,5,2,4,2,1,5,5,3,3,1,1,5,1,3,3,1,2,4,3,2,1,4,4,3,2,2,5,2,4,1,2,5,2,4,1,3,5,1,4,4,5,1,1,2,4,4,5,3,2,2,2,3,1,4,2,5,4,4,3,2,3,3,2,2,4,1,4,4
Sara Pérez,3,5,3,4,3,3,1,2,5,5,5,3,5,1,1,3,4,4,1,5,4,3,5,1,2,4,2,5,4,1,2,5,4,4,2,4,3,1,5,3,5,1,1,2,1,3,5,2,5,3,4,2,4,3,3,1,4,3,5,2,5,4,2,4,5,1,5,5,5,4,2,5,4,5,5,5,5,5,2,1,1,1,3,1,1,5,5,5,3,3,1,5,3,5,2,4,3,4,3,2,3,4,4,1,3,2,5,3,5,5,3,1,1,3,5,1,3,1,2,2,3,5,3,3,3,1,3,3,3,4,5,2,3,2,1,1,3,2,3,5,4,2,4,4,3,4,2,4,5,5,3,5,4,1,1,1,1,4,1,5,4,2,5,3,1,3,1,2,3,1,2,5,2,2,3,1,3,5,2,1,4,2,2,1,5,3,3,5,1,2,4,4,3,5,2,3,4,4,2,4
Natalia Fuentes,5,4,3,2,3,1,4,2,4,5,5,5,3,5,2,3,1,2,2,2,5,5,5,2,1,3,5,2,5,2,4,3,5,4,1,4,3,3,3,4,3,4,1,2,1,1,3,2,3,3,1,5,3,5,2,4,4,2,2,5,4,5,3,2,3,3,1,2,3,2,4,2,5,1,4,2,5,5,1,3,3,1,5,2,5,4,1,5,5,5,5,2,2,3,5,4,2,1,5,1,3,5,4,3,2,5,1,4,3,4,5,4,1,2,4,4,2,4,1,3,3,4,3,1,2,5,5,2,1,2,1,4,2,1,4,1,5,5,3,3,3,5,3,4,3,5,3,5,2,1,4,1,5,3,2,4,4,1,4,2,1,2,5,5,1,5,4,4,3,5,2,3,5,3,4,5,2,5,5,3,2,4,5,4,5,4,3,1,3,3,1,3,4,2,3,5,1,1,1,4
Diego Soto,5,1,4,2,3,1,4,5,1,2,1,5,5,1,4,1,1,3,2,5,5,2,4,4,4,5,5,1,4,4,5,4,5,1,4,1,4,3,3,5,3,4,5,5,3,3,4,1,3,5,2,1,4,1,4,1,3,5,3,2,4,3,5,4,3,4,5,5,4,4,3,1,1,5,4,2,3,5,4,3,3,2,1,3,5,3,5,2,1,2,3,5,4,1,3,2,2,3,2,1,1,3,4,3,4,1,2,3,1,1,2,2,4,4,5,4,3,3,3,5,3,2,5,2,5,5,3,3,4,2,2,3,2,3,4,5,3,5,3,1,5,2,3,2,3,4,1,1,1,4,4,5,1,1,5,4,1,2,3,2,5,5,1,1,1,2,4,3,1,1,5,5,5,5,3,3,1,1,2,3,3,2,1,5,3,3,5,4,2,4,2,5,4,1,5,2,4,4,5,3
Valeria Molina,2,4,2,2,1,3,5,2,1,2,3,2,3,1,1,3,5,2,4,4,5,5,1,4,4,5,4,5,5,5,3,5,4,2,5,3,4,3,1,4,1,2,5,5,5,1,4,3,4,2,2,5,4,2,5,3,2,3,4,2,1,5,4,2,5,2,2,2,1,1,4,5,3,2,4,2,2,5,2,3,2,3,5,3,5,5,3,1,1,3,1,4,1,3,4,3,5,4,4,3,4,5,4,1,5,2,3,4,5,5,2,2,1,1,5,3,3,4,3,5,2,3,2,1,5,3,4,1,3,3,4,1,1,3,3,2,1,2,3,5,5,5,3,5,4,3,4,5,4,5,2,1,4,4,4,3,4,1,5,1,4,5,1,4,1,4,1,4,1,1,3,5,4,1,2,4,5,3,5,1,4,4,5,5,5,3,3,4,2,3,5,1,4,1,2,3,5,4,3,5
Rafael Ortega,5,2,4,5,2,5,5,3,2,2,2,1,2,4,3,4,1,3,5,4,4,5,4,3,3,2,5,5,5,4,4,4,4,4,1,4,5,1,2,4,3,2,5,4,1,1,4,3,1,5,4,2,1,2,1,2,2,4,1,4,2,4,1,1,2,4,5,4,4,3,3,4,1,3,4,1,3,4,2,2,4,2,1,5,3,5,2,2,5,1,3,1,1,4,5,4,2,1,5,5,1,1,5,4,1,1,2,1,1,3,4,3,3,5,2,3,1,2,2,5,2,3,5,1,5,1,3,2,3,3,2,2,3,1,4,1,4,3,5,5,2,5,1,3,5,5,1,4,3,4,2,3,4,1,1,2,3,5,5,1,3,2,5,3,5,4,4,5,1,5,2,4,5,3,1,2,2,3,3,1,4,4,2,3,2,2,1,2,3,2,4,4,4,5,5,5,4,5,1,4
Camila Cabrera,1,3,5,3,5,2,5,5,5,5,4,2,5,4,2,2,5,1,3,2,2,5,2,1,1,3,3,4,3,5,2,2,1,1,5,4,4,3,5,5,3,1,5,4,5,4,1,2,3,5,5,5,3,1,3,1,2,4,5,5,2,2,2,5,4,4,2,2,3,2,1,3,1,4,1,2,3,3,3,1,3,5,1,3,3,1,3,4,4,3,2,3,2,2,2,3,5,3,5,5,5,4,5,4,2,3,4,3,2,3,3,1,4,5,3,5,2,3,3,5,2,2,5,5,5,5,4,3,3,2,1,5,4,1,4,3,1,3,3,1,1,5,5,5,4,5,3,5,5,2,3,2,2,2,3,3,5,2,5,3,1,5,5,2,4,2,2,2,1,3,1,1,1,3,4,1,5,2,1,4,5,3,1,4,2,5,2,2,4,1,4,4,2,1,2,4,4,3,3,2
Daniel Villanueva,3,3,5,2,5,1,3,3,4,5,1,3,2,4,2,1,1,1,1,4,5,2,4,2,4,1,4,5,3,4,1,1,5,5,2,2,3,4,4,5,2,1,3,5,4,4,2,1,1,4,2,5,1,5,4,4,4,2,1,3,2,4,1,2,4,2,3,4,2,5,2,3,1,3,3,3,5,2,1,5,4,5,1,2,3,5,4,3,5,4,5,5,3,3,1,1,5,1,2,2,4,5,5,5,5,5,2,3,2,4,4,2,3,4,5,5,5,2,1,5,3,3,5,2,2,5,2,1,2,3,2,1,1,4,1,2,4,4,5,3,4,2,3,2,2,2,1,4,4,1,3,5,5,5,4,4,5,1,3,3,4,3,5,1,2,4,2,4,3,3,4,4,3,1,2,4,3,2,2,2,5,2,5,3,2,5,5,5,5,2,5,5,2,3,2,1,4,5,2,5
Lucía Herrera,5,5,4,5,5,2,3,1,3,2,2,4,5,3,3,5,5,4,1,3,1,1,5,3,2,3,2,3,1,5,4,1,5,1,1,4,4,3,3,5,2,5,2,1,3,4,3,3,1,1,4,2,3,1,3,3,5,2,3,2,3,1,2,4,2,2,2,5,4,1,2,5,1,2,3,3,3,4,2,1,5,5,4,5,1,5,1,2,1,3,1,5,4,1,1,4,2,4,3,3,3,5,3,4,5,2,2,2,3,2,1,2,2,2,5,1,5,1,3,2,2,3,2,2,3,3,2,3,1,1,1,2,3,3,2,5,2,5,3,3,2,1,4,1,4,1,5,5,1,1,5,3,4,2,5,1,3,4,3,3,2,4,2,3,1,3,4,1,4,4,5,1,5,5,3,3,3,3,3,4,1,5,1,1,4,3,2,3,2,3,4,1,4,1,3,3,1,1,1,5
Santiago Méndez,5,4,1,2,1,3,5,2,2,1,2,1,4,4,3,5,4,1,2,3,3,5,4,5,4,3,2,5,2,2,1,2,4,3,5,1,3,5,5,4,4,5,5,1,5,4,1,3,5,4,2,3,3,5,2,2,3,1,1,1,2,2,4,3,3,3,3,5,4,5,5,2,5,2,1,2,4,2,4,1,5,5,1,2,3,1,3,2,4,1,1,3,2,4,1,5,1,2,3,5,5,3,1,1,4,3,5,4,2,4,2,3,1,1,2,2,2,1,2,2,5,2,1,1,5,4,3,4,2,5,3,3,2,4,3,5,1,5,2,3,4,3,5,3,4,3,3,4,3,1,2,1,1,5,3,4,5,2,2,2,3,2,1,1,4,3,1,3,5,4,5,5,3,4,4,4,4,4,5,5,2,1,4,5,3,3,2,3,2,3,5,1,2,3,2,1,2,3,2,1
Isabella Cáceres,5,5,2,4,2,5,2,4,4,4,2,3,2,5,3,1,3,5,3,3,1,4,4,5,1,5,4,5,5,3,5,3,2,5,3,3,1,4,3,4,4,3,4,3,2,5,1,3,2,2,4,4,5,3,3,4,2,4,4,5,2,3,3,2,3,3,3,2,3,4,3,3,4,5,1,4,5,2,1,3,3,4,5,3,1,2,4,2,2,5,4,4,5,1,4,4,1,1,5,3,1,5,5,5,1,4,5,3,3,3,3,1,3,2,5,3,3,3,1,4,1,2,5,4,2,3,4,1,5,1,4,4,3,5,4,5,3,1,1,2,3,2,3,2,1,5,2,3,2,2,5,5,4,2,5,5,4,1,3,1,4,2,3,1,2,4,1,3,3,3,2,1,1,1,3,1,2,2,3,5,5,5,5,2,1,3,2,1,5,3,1,2,3,5,3,5,2,1,3,5
Mateo Lara,3,4,1,2,5,3,3,3,2,5,4,3,4,5,4,4,2,3,2,5,5,1,3,5,2,1,5,5,3,1,1,5,1,5,2,2,3,3,3,4,4,3,4,1,2,5,5,5,5,5,2,4,1,3,5,2,3,4,1,5,4,2,1,4,2,1,2,5,2,3,4,2,5,2,2,2,5,4,4,3,4,2,2,5,1,3,5,1,1,4,5,4,1,3,5,3,2,1,1,4,3,1,4,4,1,3,1,2,2,2,3,2,5,3,3,5,2,4,4,5,3,2,1,4,4,3,1,5,2,5,1,4,4,5,5,4,2,5,3,1,1,2,1,2,2,4,1,4,4,1,3,3,3,3,2,4,3,3,4,2,2,5,3,2,1,4,3,1,1,2,5,2,3,3,2,5,2,2,3,2,1,2,3,3,4,1,1,3,1,5,2,5,3,5,2,4,5,3,3,2
Paula Gallegos,2,1,1,1,2,4,3,3,1,4,5,1,2,3,2,4,3,1,5,1,5,2,5,2,1,4,1,5,5,3,4,3,5,3,4,5,5,1,4,1,4,2,1,5,4,3,4,2,3,2,2,4,1,5,5,1,4,1,1,3,1,3,4,4,5,5,5,2,3,4,4,1,5,5,5,2,4,5,5,2,2,4,4,1,5,4,3,1,2,3,3,3,2,1,3,3,4,3,4,5,5,2,5,4,2,4,2,4,5,2,4,1,4,4,4,1,4,1,5,2,3,4,4,3,5,5,3,2,4,2,3,3,1,5,1,3,3,5,4,4,1,5,1,2,5,2,5,5,2,2,1,4,3,1,1,5,3,4,5,3,2,1,3,1,3,3,3,1,1,3,4,1,3,1,4,1,5,3,1,4,3,4,1,2,4,2,3,4,4,2,1,2,3,3,5,2,4,3,1,5
Manuel Serrano,5,5,3,4,4,1,5,5,5,1,5,2,3,4,1,1,5,1,4,1,1,2,2,1,1,2,2,2,3,3,1,2,1,3,1,1,1,3,2,1,5,2,3,1,4,4,1,2,5,2,2,4,3,4,3,5,3,1,4,4,3,3,4,5,1,3,3,2,1,5,1,2,4,2,2,1,3,1,1,2,3,5,1,4,4,2,5,2,3,5,5,5,2,2,3,5,3,4,4,1,2,1,5,2,4,4,4,1,4,1,2,5,1,5,3,1,5,2,2,5,2,3,1,2,5,5,2,5,2,3,2,5,5,2,4,1,4,4,1,5,1,4,3,3,1,1,3,1,3,4,1,3,2,5,2,5,2,3,3,1,4,3,1,5,3,5,3,1,3,1,3,3,2,2,1,3,1,2,4,2,4,2,3,5,2,2,3,4,3,1,4,4,4,5,4,1,5,1,1,2
Jimena Navarro,2,4,1,3,5,1,1,5,1,4,1,3,4,5,5,5,2,4,5,2,3,4,1,4,4,3,5,1,5,1,2,4,4,3,1,3,2,3,2,1,4,3,3,3,5,5,4,3,2,2,2,4,2,4,2,5,5,5,4,1,5,4,4,2,3,1,3,2,3,4,2,2,5,1,2,2,2,5,4,1,1,1,1,2,3,3,5,2,1,5,5,1,5,1,4,2,2,5,2,1,1,2,1,4,5,2,1,1,4,5,1,1,4,5,3,3,4,4,2,1,2,1,2,3,4,5,1,3,4,5,2,5,4,1,2,2,1,2,4,3,1,5,4,5,4,1,1,2,1,1,5,3,5,1,3,1,1,5,3,5,2,3,5,5,5,5,4,4,2,2,1,3,5,5,2,1,2,3,2,3,1,1,2,3,1,1,3,1,1,3,2,5,4,2,1,4,4,3,4,3
Carlos Delgado,5,1,5,1,3,2,5,1,5,3,4,5,4,2,1,4,5,2,4,5,3,3,5,5,5,4,5,3,4,2,5,1,5,1,3,5,5,1,1,1,4,1,3,4,2,4,5,3,5,4,5,2,3,2,3,2,2,5,3,3,3,2,1,4,4,4,1,1,4,2,2,2,3,1,3,5,5,1,4,3,2,3,2,1,5,3,3,4,2,3,2,5,3,4,2,1,2,5,2,3,5,4,3,5,1,2,5,2,3,5,3,5,4,4,3,4,2,4,4,3,2,4,3,5,5,5,5,1,5,2,1,3,3,3,1,5,4,1,2,1,5,2,1,1,2,5,2,5,3,3,5,3,2,4,3,1,4,3,2,5,4,2,4,4,1,1,2,1,4,3,5,4,2,3,4,2,2,3,4,2,3,1,3,2,4,5,4,5,4,5,1,2,1,3,5,5,2,3,2,2
Valentina Solís,3,3,1,2,2,1,3,4,3,4,5,2,5,1,3,5,1,3,5,1,3,1,2,5,4,1,1,4,5,2,5,3,3,4,4,4,4,2,1,2,3,4,3,5,5,4,2,5,2,2,1,4,2,1,2,4,5,3,3,4,4,5,2,5,2,3,3,1,3,4,5,2,3,3,5,1,4,1,2,3,2,2,4,4,5,2,3,1,3,3,5,1,2,2,2,2,5,3,3,3,1,1,1,1,3,1,4,3,1,3,1,2,4,3,2,1,2,1,5,2,2,2,5,5,3,4,5,1,1,2,1,1,2,2,5,2,5,1,2,1,4,3,2,1,2,3,4,5,3,2,4,3,5,1,4,2,2,4,4,4,1,5,2,5,2,5,4,4,1,1,1,4,1,4,5,5,1,5,5,1,3,3,5,3,4,1,5,4,1,5,5,2,4,4,4,4,1,1,1,2
Felipe Campos,4,1,3,2,4,4,3,2,4,5,1,4,5,3,5,5,5,4,2,3,4,1,3,2,4,5,1,1,4,5,4,5,2,3,2,4,1,4,1,1,5,3,1,3,2,3,3,5,5,5,2,3,2,1,1,2,4,5,2,3,4,3,3,1,3,5,4,1,5,3,3,3,4,3,1,3,2,1,4,1,5,4,3,5,1,3,3,4,1,5,1,1,4,4,4,5,2,2,3,3,1,1,3,2,1,5,1,1,4,4,4,5,3,4,3,1,5,1,4,3,2,2,4,5,1,5,1,1,3,3,1,5,1,2,5,4,2,4,2,4,3,5,5,2,4,5,2,3,5,1,5,2,4,3,4,4,3,4,1,1,3,2,2,5,4,2,3,4,2,3,5,3,3,1,3,5,4,3,3,4,3,4,2,4,5,1,5,3,4,5,4,3,5,3,4,1,5,4,3,3
María Alvarado,5,5,5,3,4,2,5,4,4,3,1,5,2,5,2,4,3,1,1,2,2,4,2,1,5,3,4,1,2,1,5,1,4,3,2,3,4,5,5,5,1,5,4,2,2,1,1,1,4,4,2,3,4,2,1,5,1,4,5,5,2,4,3,2,2,5,2,5,3,4,5,4,2,1,2,2,1,5,2,5,5,3,1,3,4,2,5,5,4,1,5,1,2,5,5,1,5,3,4,2,1,1,4,3,2,2,5,4,4,1,4,4,5,1,2,3,4,2,4,4,4,5,5,5,5,4,3,2,5,5,1,5,4,2,4,5,4,2,3,2,3,2,1,4,2,3,2,1,3,5,5,1,2,1,4,2,5,1,1,2,2,3,2,1,1,3,4,3,3,4,4,5,3,5,3,5,3,2,5,4,4,2,4,1,2,5,4,1,1,4,1,5,3,2,4,5,3,5,4,2
Hugo Vega,2,1,4,3,2,4,2,3,5,5,5,5,1,4,3,4,4,3,2,1,3,5,3,4,1,5,4,1,5,1,4,2,3,2,2,5,3,5,3,1,2,1,4,3,2,5,2,3,3,1,3,4,3,5,4,2,3,3,1,1,4,2,1,4,3,5,2,2,5,5,3,2,5,2,1,3,5,2,3,4,4,5,1,2,2,5,2,1,2,2,5,3,2,3,2,4,5,3,3,5,1,2,1,1,1,4,2,2,4,1,4,1,5,1,3,2,1,5,5,2,3,5,4,2,3,5,3,5,2,5,2,1,1,5,2,1,4,3,3,2,4,3,4,2,4,5,1,3,2,5,5,3,1,1,1,1,1,1,1,3,1,4,5,3,4,5,2,5,3,2,3,1,3,4,5,4,3,3,2,3,1,4,2,1,4,5,1,3,3,2,4,3,1,4,1,4,2,1,3,4
Clara Roldán,5,4,5,3,5,2,5,2,1,1,4,3,5,4,2,4,2,3,2,4,5,2,5,4,2,3,2,3,4,5,1,3,1,1,5,2,2,4,5,3,1,4,3,2,3,3,1,5,5,4,5,4,1,4,3,4,2,2,5,5,1,4,5,2,3,1,5,5,3,3,2,1,1,3,3,5,1,4,1,3,4,1,2,4,1,1,2,5,1,1,2,4,5,2,5,1,3,2,5,4,1,5,1,3,3,4,5,1,2,2,2,2,4,1,5,4,4,5,5,4,4,2,2,4,3,3,4,3,4,4,4,3,1,4,3,1,1,5,5,4,2,5,2,5,5,1,3,1,4,1,2,2,5,2,4,5,2,2,2,5,1,2,4,1,3,4,5,4,4,3,4,1,2,4,3,3,4,3,2,4,1,3,5,2,3,1,3,5,1,4,5,4,4,3,2,2,3,2,4,1
Antonio Morales,5,3,3,1,3,3,2,2,2,2,1,5,2,3,4,5,5,3,5,3,1,4,1,1,2,3,4,1,3,2,3,1,2,1,5,3,1,5,2,3,3,3,2,3,4,1,5,2,4,3,3,2,4,3,1,2,2,2,2,3,2,4,4,3,4,3,5,5,1,3,5,4,5,3,5,1,4,2,2,5,4,3,1,4,3,2,3,2,1,1,4,1,5,3,1,1,2,5,1,3,5,1,3,1,1,1,4,5,1,5,3,5,5,5,2,2,1,1,2,1,1,5,3,3,2,2,2,4,1,2,2,4,2,1,5,1,4,4,1,4,1,2,1,2,1,5,1,5,3,4,2,3,1,4,4,2,1,2,4,2,5,5,5,5,5,2,5,1,4,2,2,2,3,4,2,5,2,4,2,3,4,1,5,1,2,3,1,1,5,1,5,3,1,1,5,3,3,5,5,3
Victoria Paredes,1,2,4,5,4,3,3,4,2,3,3,1,1,1,1,1,5,5,5,4,1,2,3,4,4,3,4,3,1,4,3,1,4,3,5,5,5,5,1,2,4,1,1,1,4,5,3,1,2,3,1,5,5,3,3,3,5,5,5,1,2,1,4,2,4,1,4,5,5,4,5,5,1,1,4,1,3,3,5,1,4,4,4,3,2,5,4,3,2,5,4,3,4,2,4,1,5,1,4,3,3,2,4,1,3,5,2,4,4,1,1,2,1,2,4,1,5,4,3,1,3,3,2,2,2,4,2,4,3,3,2,1,4,2,1,5,2,3,3,4,2,5,4,5,3,1,1,2,5,5,4,4,4,2,2,2,3,4,5,1,5,4,4,1,3,5,1,4,2,2,2,5,4,2,1,2,5,5,2,5,4,1,2,5,1,2,4,4,2,4,2,3,4,4,5,3,4,3,4,5
Francisco Cordero,5,3,2,3,5,5,2,3,1,3,2,4,1,5,5,2,3,1,3,1,2,4,1,3,3,2,1,1,4,2,5,2,4,3,1,5,1,1,4,4,4,4,1,1,1,5,1,4,4,1,5,1,4,4,1,5,4,2,5,3,2,4,3,3,1,4,4,1,2,4,2,5,3,3,3,1,3,5,1,5,3,2,4,4,3,1,5,5,3,5,3,3,2,5,5,4,2,4,4,3,2,4,1,1,1,5,1,5,4,4,2,4,1,5,2,1,1,4,2,2,5,1,2,4,4,5,5,1,4,2,2,5,1,5,4,1,4,5,3,4,1,5,4,2,1,1,3,5,4,3,3,2,3,5,1,5,2,2,5,2,5,3,1,2,2,3,3,2,1,5,3,4,5,4,2,3,1,1,5,2,1,2,1,4,3,2,3,4,4,1,3,5,2,1,1,2,1,2,5,3
Adrián Zambrano,1,1,3,3,1,5,1,1,4,3,3,2,4,4,4,5,1,1,2,2,1,5,4,3,3,4,3,5,1,1,1,1,1,1,1,5,2,1,5,4,5,5,2,3,5,1,1,1,3,3,5,3,5,2,2,2,1,3,1,2,3,1,3,5,1,4,4,4,4,4,3,1,2,1,2,4,1,2,3,2,1,5,2,5,3,1,3,1,3,3,1,5,4,4,2,2,2,5,2,2,4,1,1,1,5,5,3,3,3,2,3,3,2,2,4,5,4,4,2,4,3,2,2,1,1,2,4,3,2,2,5,4,5,3,3,2,4,1,1,3,3,2,4,1,1,4,1,1,5,5,1,4,3,3,1,1,5,3,4,1,4,3,2,5,4,2,5,1,1,2,5,5,1,3,2,2,3,4,1,3,1,5,3,3,1,5,5,4,1,3,4,3,4,1,3,4,1,2,4,2
Sofía Castro,5,1,1,3,2,3,2,1,5,4,1,1,3,2,3,2,2,3,3,1,5,2,4,3,1,2,5,4,5,5,1,3,1,2,5,5,1,1,1,4,1,3,1,4,5,3,3,4,1,2,4,1,1,1,4,3,4,2,3,2,4,3,4,2,1,2,4,2,1,3,3,3,1,1,3,2,2,4,1,2,3,1,2,5,2,2,5,5,3,4,5,4,4,1,5,1,5,2,4,1,1,1,5,3,4,3,1,1,5,3,1,4,2,3,4,4,4,3,3,4,5,4,2,3,5,4,2,2,4,2,1,4,5,5,3,4,2,5,5,3,2,4,4,1,1,4,1,3,4,3,4,3,2,4,4,3,3,1,5,4,3,5,4,4,2,2,4,3,3,1,2,2,5,3,2,1,1,1,3,2,2,5,1,1,5,5,5,1,5,2,2,1,5,1,3,3,4,4,5,5
Benjamín Guerrero,4,2,2,2,2,4,3,5,1,5,5,4,5,5,5,2,1,3,1,5,4,2,1,2,4,5,1,4,5,3,3,4,1,1,4,5,1,5,5,3,3,4,2,1,2,1,3,2,4,1,2,3,4,3,2,2,2,1,1,4,1,3,2,5,5,1,4,5,2,3,2,1,2,5,3,1,5,3,5,2,1,2,3,3,5,5,3,2,2,5,1,5,4,2,3,1,1,2,1,1,1,5,2,3,3,3,3,3,5,4,1,2,3,5,4,3,2,4,1,3,5,1,4,1,1,4,1,2,5,3,3,3,5,5,4,3,3,1,2,1,5,5,5,2,4,4,4,4,1,3,4,4,3,3,4,5,5,4,3,3,1,5,3,4,3,2,1,1,4,4,2,5,3,2,1,1,2,3,1,3,1,3,5,4,5,1,3,1,4,5,5,1,2,4,5,5,4,5,3,2
Raúl Mendoza,4,3,3,5,4,5,4,2,5,1,1,5,5,5,1,1,4,1,1,3,4,2,1,2,1,2,2,3,4,2,2,1,4,5,2,2,3,4,1,4,1,4,5,3,5,2,1,5,3,5,2,2,1,5,5,2,2,1,1,3,2,1,1,2,1,1,4,4,5,5,5,3,5,2,4,1,5,3,5,5,4,1,1,3,1,5,3,1,1,3,1,4,5,3,1,1,3,1,3,2,3,5,3,5,5,4,4,5,1,1,5,4,3,5,3,5,1,1,2,5,5,4,5,5,1,2,1,4,3,3,1,1,1,1,4,2,3,4,3,2,3,1,2,5,3,4,1,1,4,5,4,1,1,4,5,2,2,4,3,4,5,2,4,5,5,1,1,4,5,1,5,1,5,2,5,3,3,2,4,2,2,2,3,2,1,2,2,3,2,2,5,1,1,5,2,3,5,4,4,3
Irene Fernández,1,5,2,1,5,3,3,3,4,3,5,2,2,2,3,1,1,1,3,2,4,3,4,3,4,3,4,2,2,1,1,4,4,5,2,5,4,1,5,1,1,1,2,3,4,5,4,3,1,5,2,3,1,4,4,5,3,2,5,5,3,3,5,5,3,4,2,2,1,5,5,3,3,1,3,4,5,1,1,3,5,3,2,2,2,4,4,1,4,5,2,2,5,5,5,2,3,1,1,1,1,1,3,5,1,3,1,2,1,4,2,4,1,4,2,5,5,5,2,4,1,3,4,5,3,3,3,3,2,3,1,2,3,5,4,5,5,1,5,1,3,5,1,5,3,1,1,5,4,5,4,3,1,3,5,4,3,4,2,4,3,1,1,2,1,2,3,3,2,5,4,5,5,2,5,1,2,3,1,4,3,2,3,2,4,2,1,2,1,3,5,4,2,3,1,1,4,1,4,1
Gonzalo Ortiz,3,4,4,1,4,1,3,5,3,3,3,5,4,3,4,5,4,2,5,3,5,5,1,4,2,4,2,3,4,1,2,3,3,4,4,3,3,4,4,3,5,1,5,2,3,5,3,3,3,4,4,2,1,5,5,5,3,1,3,3,5,4,5,4,4,2,4,2,5,5,5,1,2,2,2,5,2,1,2,4,2,2,1,2,2,5,2,4,3,3,4,3,1,2,2,1,3,1,5,1,1,2,4,1,5,3,1,3,1,1,2,2,3,3,5,1,5,1,3,2,4,5,3,4,1,2,5,5,5,3,2,4,3,1,3,1,1,2,5,2,4,5,2,5,4,4,3,4,1,4,1,1,3,2,1,4,5,2,4,2,3,4,3,3,3,5,1,3,2,3,4,2,5,5,5,3,3,4,1,4,1,2,1,5,3,4,1,2,3,1,4,1,1,5,1,3,1,4,2,5
Miguel Sánchez,5,3,3,5,1,2,1,5,1,2,4,2,5,3,3,1,5,2,3,4,3,3,3,4,5,4,2,5,2,2,3,1,2,1,5,4,4,2,3,1,2,4,5,5,4,3,1,2,1,3,5,2,2,2,1,3,4,3,1,5,1,5,4,4,3,2,3,2,4,5,2,1,3,4,4,2,1,1,3,1,1,2,2,1,4,1,4,5,2,3,2,4,5,3,4,1,5,5,2,4,2,2,2,2,3,3,1,2,2,4,4,4,5,5,1,4,1,5,3,5,4,3,5,2,3,4,1,5,1,1,4,2,2,3,1,5,2,1,4,1,5,5,1,4,5,5,5,5,3,5,4,5,2,4,3,4,2,4,5,3,1,4,5,3,3,3,2,1,3,2,3,4,2,3,2,5,5,1,4,2,2,5,4,1,4,4,3,5,2,2,3,5,3,4,5,2,3,5,5,4
Alejandra Torres,3,4,1,5,3,3,1,5,2,2,2,1,4,1,2,1,4,2,4,4,5,5,3,4,3,5,2,2,2,3,2,1,1,5,2,1,1,4,4,5,1,2,5,4,4,3,4,2,1,2,2,1,5,5,5,2,3,1,2,2,4,3,1,5,3,1,3,2,3,3,4,4,2,1,1,4,5,4,4,3,5,4,3,4,2,4,3,4,5,3,1,5,1,1,5,2,1,1,3,2,5,5,1,5,5,5,4,2,4,3,2,2,4,5,4,5,2,1,1,5,3,5,4,1,5,3,4,1,2,5,1,5,5,3,3,1,5,2,4,3,3,5,4,1,4,5,1,3,2,5,3,2,2,5,2,3,3,3,3,4,3,5,1,4,5,4,2,5,5,2,1,3,1,5,3,3,3,3,1,2,1,1,4,5,4,4,1,5,2,5,1,1,4,2,1,2,4,2,1,3
Ernesto Pacheco,5,2,2,5,4,2,3,5,3,3,3,3,1,2,4,2,5,1,3,2,5,5,4,1,1,3,3,1,5,3,4,1,5,3,5,4,4,3,4,5,5,3,5,4,1,2,3,1,1,3,2,1,4,2,5,1,4,3,4,4,2,1,5,3,1,4,3,1,5,1,5,4,3,4,1,4,4,5,5,5,1,3,2,4,3,5,5,2,5,4,4,5,1,2,3,2,5,1,5,1,3,1,2,4,4,2,1,2,4,2,4,4,3,3,1,5,2,2,1,1,5,4,2,3,2,4,3,4,2,3,1,4,2,1,5,5,1,4,2,1,2,3,3,2,2,2,1,4,3,3,2,2,1,3,2,5,5,4,4,3,5,1,2,5,2,4,2,4,2,1,3,4,3,5,5,3,1,1,1,5,3,1,4,4,4,4,2,5,3,5,3,2,2,5,4,3,5,2,4,1
Rosa Vidal,1,2,3,5,5,5,3,2,1,5,4,4,5,3,3,1,1,4,1,4,1,1,5,1,1,3,3,2,2,1,3,3,1,2,4,3,5,3,3,3,3,4,5,1,2,1,5,4,4,3,3,1,2,5,2,2,1,5,2,5,2,1,2,1,2,5,2,5,2,2,3,3,3,5,2,5,2,5,1,2,4,2,4,3,1,1,3,3,4,1,2,4,5,3,1,4,1,5,5,3,1,4,4,2,5,1,2,1,2,3,1,4,1,4,4,4,5,2,5,5,1,2,2,4,5,2,1,4,3,4,2,5,4,4,4,4,1,4,5,3,5,5,5,5,5,3,2,2,4,2,2,2,2,1,5,1,1,5,4,5,3,2,3,5,5,3,2,3,3,5,3,3,4,5,5,5,5,2,2,1,1,1,1,3,1,4,3,5,4,3,4,5,4,3,4,1,5,5,2,4
Ángel Herrera,1,2,1,5,1,3,4,3,2,3,2,5,3,5,1,1,4,2,4,4,1,2,5,1,2,4,1,5,2,2,4,3,2,4,1,1,3,4,1,2,4,5,5,2,5,4,2,3,4,5,4,5,5,5,4,4,5,3,3,2,5,4,1,5,4,2,1,3,2,3,3,2,4,1,1,2,5,2,4,3,4,3,2,5,4,1,2,3,2,1,4,3,3,4,2,2,3,3,4,5,1,3,2,2,3,4,2,3,3,1,4,2,4,2,5,4,1,5,4,1,1,4,1,3,1,2,4,1,5,3,1,2,3,2,2,3,4,1,4,2,4,2,2,1,2,5,1,3,5,3,2,2,5,4,1,3,5,4,3,1,4,3,5,4,1,4,4,4,4,4,1,5,4,3,5,2,2,1,1,4,1,4,3,5,2,3,4,1,2,5,5,3,1,4,4,2,3,3,2,2
Patricia Cruz,2,2,3,5,2,3,4,3,5,2,1,4,5,3,5,4,3,2,5,5,2,1,5,2,4,4,5,1,4,3,4,2,4,4,2,5,2,1,5,4,1,1,5,3,2,4,1,4,4,4,1,5,1,4,4,2,1,5,4,5,1,2,1,3,1,4,3,4,5,3,4,2,1,1,5,5,5,4,3,2,1,1,2,4,1,5,2,1,4,4,1,4,2,3,3,1,3,3,5,4,2,5,1,5,5,1,1,5,3,3,4,4,1,4,5,5,1,2,2,2,4,5,2,5,1,4,4,2,5,1,2,3,2,3,4,1,4,2,3,2,2,5,5,2,4,5,2,1,2,5,4,1,1,5,1,4,3,2,2,5,3,4,1,1,1,5,4,3,1,5,3,4,3,2,5,4,2,3,2,4,2,1,1,4,4,4,2,2,4,2,2,4,2,5,3,4,1,3,1,4
Ricardo López,5,5,1,5,4,1,1,3,3,4,4,1,5,4,4,5,4,4,3,3,3,5,5,1,2,3,1,5,5,4,2,1,4,1,1,2,1,5,4,2,3,1,3,4,3,3,3,4,4,4,3,3,4,2,2,5,1,1,5,2,3,3,5,5,3,5,2,1,5,2,3,4,2,2,4,3,3,2,2,2,4,3,5,3,2,4,2,1,5,2,4,2,3,4,3,2,5,2,5,5,1,4,3,3,5,5,4,2,5,3,4,3,5,4,3,1,3,4,1,5,4,2,2,2,3,5,4,5,3,4,5,4,3,2,3,1,2,5,2,3,4,1,3,4,1,3,1,5,1,1,2,3,2,5,2,1,3,3,3,4,1,1,3,4,3,2,5,4,5,1,2,2,1,5,3,5,5,1,4,1,5,4,3,5,1,3,1,5,5,2,3,1,2,1,3,3,1,3,3,3
Fernando Ramírez,2,4,2,1,1,2,5,2,3,4,5,4,5,4,1,4,1,1,2,4,3,4,1,5,3,1,5,4,5,5,1,5,4,3,3,2,3,1,3,1,5,2,2,5,4,3,2,4,1,4,5,3,3,5,2,4,2,2,5,1,5,2,1,4,1,3,2,1,5,5,5,5,1,5,4,4,1,3,1,5,2,2,1,1,2,5,1,5,5,2,3,5,5,3,3,5,2,4,5,1,3,5,2,3,4,5,2,5,4,1,2,1,2,3,2,2,3,4,1,5,1,2,4,3,1,4,2,2,1,5,2,1,4,4,3,5,3,3,3,3,5,1,3,2,3,2,2,1,2,5,4,3,5,2,5,3,1,5,2,1,5,5,5,3,3,5,5,4,5,3,2,4,5,4,2,3,3,5,3,3,4,4,2,1,2,1,1,2,1,3,1,2,4,4,3,1,4,5,4,4
Inés Cervantes,2,1,3,2,2,5,2,1,3,3,4,5,4,4,3,3,2,2,2,3,5,4,1,4,1,1,3,5,3,3,1,5,3,2,3,5,4,2,1,4,3,3,3,5,2,4,1,4,2,2,3,2,2,3,1,2,3,1,5,1,4,5,1,2,2,3,2,3,5,3,3,3,3,3,1,3,3,3,4,5,3,1,4,5,1,1,1,1,1,1,1,2,2,4,2,3,5,4,2,2,2,3,2,2,3,5,1,4,4,4,3,2,1,5,3,4,1,5,2,3,2,3,1,3,5,3,5,3,2,2,5,5,1,3,3,5,3,2,5,1,1,3,2,5,1,5,5,5,3,1,2,5,1,2,3,5,3,3,5,2,2,2,5,1,5,5,2,5,5,3,4,5,5,5,4,4,4,5,2,1,3,4,2,1,4,1,4,3,3,2,5,2,3,1,2,4,2,2,5,5
Samuel Flores,2,5,3,5,3,2,3,5,1,3,4,3,1,1,3,3,5,1,2,3,4,4,2,1,4,2,4,1,2,5,5,1,5,2,5,1,4,3,5,3,2,1,3,3,5,4,5,2,2,3,4,1,5,2,4,2,3,5,5,3,4,1,4,3,2,5,4,4,1,2,4,1,5,2,2,4,5,3,5,4,5,1,2,5,5,4,1,5,1,5,4,4,1,5,2,3,2,5,4,2,4,4,2,5,1,5,2,4,5,3,5,2,5,5,4,1,2,3,5,1,5,2,5,4,3,1,4,2,3,1,5,4,5,1,1,1,4,1,3,4,2,2,1,3,5,5,2,3,3,3,5,1,3,3,4,2,2,4,2,5,4,3,1,5,3,3,5,4,3,1,5,2,5,3,5,2,2,5,5,4,3,3,3,1,4,4,3,5,2,4,5,3,2,2,4,4,1,3,1,4
Alicia Mora,4,5,4,1,5,3,2,1,4,4,5,3,2,1,4,4,4,5,4,4,2,2,5,3,3,1,1,1,5,3,2,2,3,2,4,3,2,3,1,1,4,5,1,5,1,5,3,1,5,1,4,3,4,4,4,2,3,1,4,1,3,3,4,5,3,3,3,5,4,4,1,4,1,5,3,4,5,1,4,5,5,4,4,1,2,5,1,5,5,3,3,2,1,1,5,3,1,2,1,3,3,4,4,3,2,3,1,4,3,1,5,5,4,3,2,1,3,3,5,5,4,4,1,1,3,1,3,2,2,4,5,4,4,5,3,4,5,4,3,3,3,5,1,3,1,3,5,4,4,5,1,5,1,1,2,5,4,4,1,1,4,2,1,5,3,2,1,4,1,5,1,1,4,2,2,5,5,1,5,5,3,5,4,3,2,2,5,1,4,2,1,3,3,3,5,2,2,5,1,4
Tomás Galván,2,2,3,3,1,5,2,4,3,1,2,2,1,1,4,5,3,5,5,2,4,2,2,3,5,2,4,5,4,4,3,1,1,3,2,5,4,3,5,3,4,3,3,3,5,2,2,2,1,4,1,2,4,5,2,4,1,2,3,1,1,2,1,1,5,3,2,5,3,4,4,5,1,5,1,4,5,1,5,4,4,2,4,1,4,4,2,4,1,2,4,5,5,5,3,1,4,2,4,4,5,1,1,3,2,4,1,2,5,5,4,4,3,2,2,1,1,2,2,2,3,3,3,4,2,5,3,3,4,2,2,3,2,1,1,1,1,2,2,4,2,4,4,1,5,3,4,3,1,1,5,5,2,3,5,4,3,1,4,4,4,5,3,3,2,5,4,2,3,1,2,1,1,4,5,3,5,2,4,4,3,2,2,3,3,5,5,2,1,3,5,2,5,4,1,3,4,4,4,2
Marina Soto,3,2,1,5,1,1,2,2,5,5,1,3,1,2,1,2,2,4,4,2,4,3,3,5,3,3,5,1,3,5,1,1,1,1,4,4,1,5,2,3,1,3,3,5,3,4,3,3,2,2,4,5,2,5,3,4,3,2,4,2,2,1,3,4,4,4,5,3,5,1,3,1,3,5,4,5,1,2,5,1,4,3,2,1,3,2,1,5,5,2,3,3,4,4,2,2,5,5,5,1,5,5,1,4,4,5,2,4,1,4,1,3,1,2,2,4,4,2,1,5,2,4,2,4,4,3,3,4,3,5,5,2,3,1,4,5,2,5,2,3,3,2,5,3,4,2,3,4,3,5,3,3,2,5,1,2,2,3,4,3,4,5,3,5,5,1,5,3,3,5,2,4,3,4,1,1,5,3,4,1,1,4,5,2,2,2,4,3,2,3,3,3,5,5,2,5,3,4,1,1
Guillermo Cárdenas,2,2,2,2,1,5,4,2,2,5,1,5,4,2,2,3,4,3,1,4,1,1,3,3,3,4,2,1,1,5,4,4,2,5,5,5,1,1,5,5,5,2,2,3,5,4,5,1,3,5,5,1,2,3,1,3,3,5,4,4,1,4,3,3,4,3,4,3,5,1,1,3,2,3,3,3,2,3,3,4,3,3,1,2,2,2,3,2,4,3,3,2,4,3,2,5,1,3,1,5,3,3,3,1,4,3,3,1,2,5,2,4,2,5,3,5,5,5,4,1,4,4,4,3,2,2,4,4,3,5,4,5,2,3,2,2,5,1,4,1,4,5,3,1,5,4,1,2,3,5,1,4,1,5,2,2,1,3,1,4,3,4,3,5,5,1,2,2,2,5,1,3,3,5,3,4,3,5,4,3,5,5,4,5,1,3,5,1,1,1,1,4,1,5,1,5,4,3,2,2
Gonzalo Herrera,2,4,2,1,1,2,2,4,5,1,4,5,4,4,4,4,5,1,3,2,2,5,1,2,2,5,3,5,2,2,3,2,3,5,5,4,3,1,2,1,4,5,5,4,4,4,4,4,1,2,4,4,1,3,4,4,1,5,3,5,4,4,4,5,1,3,5,4,2,1,1,1,1,1,5,1,5,2,2,5,4,1,3,1,2,5,4,4,4,1,5,3,5,5,3,1,1,1,1,3,5,1,3,5,4,1,2,3,3,3,2,1,3,5,2,4,3,5,2,1,2,4,1,4,3,4,4,3,1,4,3,3,5,4,2,3,3,3,5,2,4,2,1,2,1,5,3,5,3,3,4,2,3,4,4,5,5,5,1,3,4,4,5,4,1,5,4,4,2,4,3,2,5,2,5,5,1,2,1,2,2,3,2,4,5,2,5,5,5,1,4,1,5,1,2,1,1,1,2,3
Carolina Cruz,1,3,4,1,3,2,2,2,3,2,5,5,2,4,4,1,3,5,3,4,5,4,5,3,5,1,1,4,5,4,3,5,4,4,3,2,1,2,4,3,4,3,2,2,3,4,2,1,2,5,3,2,4,4,5,2,2,1,2,4,2,4,1,3,4,1,1,2,1,2,5,3,5,3,1,3,2,4,5,2,4,1,5,1,4,2,4,4,4,2,4,5,4,4,1,5,5,2,4,1,1,2,5,3,1,3,3,1,4,5,4,5,1,1,5,2,5,2,1,2,1,3,5,4,1,4,1,3,1,3,4,4,5,2,5,4,1,5,4,4,4,3,4,2,5,4,3,5,5,4,5,2,2,1,3,2,2,4,2,3,3,5,4,1,3,4,3,4,2,4,1,2,2,4,4,5,3,2,2,2,3,2,5,5,5,5,2,5,5,5,5,4,4,4,1,5,5,3,5,1
Luis López,3,4,2,1,5,4,1,3,3,4,3,2,2,5,5,5,4,1,4,5,2,2,3,2,1,5,3,4,2,4,4,3,4,3,1,3,1,1,4,1,4,3,1,1,3,4,5,5,5,5,2,4,1,4,1,2,5,5,2,5,4,5,2,1,3,4,1,3,1,1,1,4,1,4,4,1,3,2,4,4,3,2,5,2,3,1,1,1,5,5,4,5,1,3,1,2,1,4,3,2,5,1,1,3,1,1,2,5,4,5,1,2,1,1,4,5,3,1,2,1,2,2,3,3,5,4,1,4,5,4,2,3,1,1,2,1,1,1,1,5,5,4,1,2,5,2,4,1,2,3,4,2,4,4,4,3,3,3,1,1,3,2,1,5,1,4,5,3,1,3,5,4,5,5,1,5,3,4,5,5,3,4,4,4,5,1,5,1,4,1,1,5,3,1,3,3,2,4,5,3
Sara Ramírez,1,3,5,4,3,3,1,5,2,3,1,4,2,5,2,2,2,4,5,1,4,2,5,2,4,5,1,5,4,1,5,2,3,3,1,4,2,5,1,3,2,5,3,1,1,5,2,3,4,5,1,4,1,1,4,5,3,2,2,3,5,2,5,2,4,1,2,5,1,1,5,1,3,2,3,5,2,5,5,1,2,2,1,5,2,5,5,2,4,2,5,2,3,3,3,5,5,2,2,1,3,1,3,2,5,4,2,4,2,3,1,2,4,3,3,2,1,5,2,1,2,1,1,2,4,1,3,3,4,1,3,2,5,2,2,3,4,1,2,2,1,2,3,3,4,5,1,5,3,1,2,3,4,4,4,3,4,2,3,2,2,2,4,3,1,3,1,3,5,4,1,1,4,4,5,4,3,3,1,1,3,2,3,2,5,3,1,1,5,5,4,2,3,4,2,4,3,3,4,4
Hugo Flores,4,5,1,4,3,5,5,4,3,2,1,3,5,1,2,4,5,5,5,3,4,1,2,3,5,5,3,3,3,4,4,2,2,2,4,4,4,5,4,3,5,5,1,2,5,4,1,2,4,1,1,1,4,1,3,2,1,3,3,3,5,1,5,3,2,3,1,1,2,2,5,3,3,2,4,5,1,4,1,3,5,1,4,2,2,4,1,2,5,5,3,1,5,3,3,5,5,4,1,4,2,1,3,1,5,5,5,4,3,4,3,3,3,3,2,4,1,1,2,5,1,4,1,4,5,1,3,3,3,2,3,3,2,3,2,4,4,5,2,3,3,3,4,2,2,2,5,3,2,1,1,1,1,4,4,5,5,2,2,2,4,4,3,1,3,1,5,2,1,2,3,3,2,5,2,4,3,5,2,2,1,5,4,3,4,5,1,5,5,1,4,2,5,5,3,5,2,5,3,3
Jimena Mora,3,3,2,2,5,2,5,5,1,1,3,3,5,4,1,2,3,3,1,2,2,3,4,3,3,2,4,2,1,4,5,1,2,3,1,3,3,3,3,5,2,4,3,4,5,2,2,1,4,3,4,5,1,1,3,4,3,2,1,3,5,5,3,3,3,5,4,3,3,5,2,3,5,4,3,2,2,3,2,2,4,1,2,5,4,4,4,4,4,3,1,4,1,1,1,4,4,1,5,4,1,5,5,3,4,2,1,4,5,5,1,3,4,5,4,4,1,2,2,3,3,2,1,1,4,2,4,1,5,5,2,4,1,5,1,5,2,1,1,4,3,1,5,4,3,5,5,1,2,5,3,5,5,5,3,2,3,5,2,5,3,4,3,1,4,2,2,1,2,1,3,2,3,5,3,1,5,5,4,1,1,4,5,5,2,5,1,2,2,2,2,4,1,2,3,1,5,5,5,5
Carlos Galván,4,1,3,2,3,4,4,4,5,4,3,1,2,4,1,4,4,2,4,3,3,4,2,4,3,5,4,5,1,1,4,3,4,1,1,5,3,1,1,5,2,3,4,5,2,2,5,4,2,2,2,3,4,4,5,1,4,2,2,3,3,1,5,3,3,3,4,5,2,1,3,2,5,1,2,4,4,3,5,5,3,3,3,4,4,5,2,2,5,5,1,1,3,3,1,1,2,5,3,3,4,5,5,5,3,5,3,5,2,4,1,5,3,3,2,5,4,2,1,3,3,5,5,4,2,1,2,3,1,1,3,4,2,1,3,1,4,5,4,1,2,5,5,1,5,4,3,1,3,4,1,4,2,1,3,3,5,4,3,4,3,5,1,3,4,5,5,2,4,4,4,4,4,2,5,2,3,4,3,4,4,5,3,5,1,5,1,5,5,3,2,4,1,4,4,1,1,4,4,5
Valentina Silva,5,1,2,3,3,4,4,2,4,5,2,2,3,4,2,5,1,2,5,4,1,4,1,1,3,4,4,1,5,1,5,1,2,4,3,1,2,1,4,5,5,1,1,1,4,2,2,5,5,2,3,3,3,3,3,5,1,1,3,2,5,3,4,1,5,5,1,2,2,2,3,5,1,2,5,1,2,5,1,5,5,5,5,5,1,4,1,4,4,3,3,1,5,1,3,1,1,5,4,5,2,4,4,1,5,5,5,4,2,3,2,1,3,4,3,4,2,5,1,5,3,4,4,1,3,3,3,2,2,5,5,5,1,2,1,4,1,1,4,5,2,2,1,4,3,4,3,2,1,5,3,2,1,5,5,5,1,5,1,3,2,1,1,2,1,5,3,1,2,4,2,3,2,1,2,2,5,4,2,5,4,2,1,1,1,4,3,5,5,2,1,1,1,1,3,5,4,1,1,1
Sara Ramírez,2,4,5,1,5,5,3,5,1,4,4,2,3,1,2,1,1,1,2,5,3,3,5,2,4,5,2,2,2,5,3,5,5,3,2,1,4,2,4,2,2,2,4,3,2,1,4,5,5,3,1,2,5,3,3,5,1,2,1,5,2,3,2,1,1,2,5,4,2,1,4,1,4,1,1,2,1,2,5,5,2,1,3,5,1,4,5,2,2,3,2,5,1,2,3,4,2,1,1,2,1,4,4,4,3,4,1,3,5,2,3,5,1,2,5,5,4,4,1,5,3,3,4,1,4,5,4,5,3,3,5,4,3,4,1,5,4,5,4,1,3,5,4,3,4,1,1,3,5,1,1,5,3,2,1,2,2,2,4,3,4,2,3,1,5,5,4,2,3,5,3,1,3,2,4,1,4,5,5,4,4,3,2,1,2,5,2,3,5,1,4,3,1,3,2,2,1,2,2,3
Hugo Flores,2,4,5,5,2,2,2,2,3,5,3,3,4,1,3,2,3,2,3,5,4,3,2,1,1,3,4,1,3,1,3,4,1,1,3,5,2,2,2,4,1,3,2,3,2,2,2,5,2,1,3,5,2,3,4,1,2,3,5,4,4,5,3,1,4,2,5,5,5,3,5,5,4,3,3,1,3,5,1,4,2,5,2,1,4,1,5,1,1,3,1,5,2,1,2,4,5,2,2,3,5,3,4,2,4,4,5,2,3,3,5,2,5,5,1,5,3,1,4,4,4,5,4,2,2,4,3,1,5,2,5,5,2,5,4,3,5,1,3,5,3,4,3,1,4,1,1,5,1,4,2,4,1,1,4,5,1,4,5,1,1,2,4,5,3,4,5,4,1,2,4,2,3,3,5,5,3,4,5,5,5,4,1,2,3,4,1,3,5,4,3,2,3,5,1,3,5,3,3,1
Jimena Mora,5,5,5,1,5,2,5,2,3,1,4,3,4,5,4,3,3,4,4,4,2,1,5,3,5,4,3,4,1,4,1,4,2,4,1,5,5,3,5,3,4,1,1,4,4,2,2,4,3,5,3,3,1,1,5,4,4,1,3,2,5,4,4,2,1,3,2,3,3,1,5,2,2,4,2,3,4,4,3,4,2,1,1,3,5,3,4,5,4,5,1,5,4,2,3,4,2,2,3,3,3,2,5,1,3,4,2,1,4,4,4,4,4,2,3,1,5,3,2,4,1,5,4,3,4,3,4,2,5,4,2,2,3,2,3,3,3,1,5,5,3,4,1,5,1,4,4,2,4,3,5,4,3,2,5,2,3,2,2,4,2,4,4,2,4,3,4,3,4,3,4,1,3,5,1,1,4,4,2,1,4,3,4,1,2,1,5,3,5,5,2,4,3,5,4,5,4,4,4,1
