Título,URL,Distancia,Desnivel positivo,Dificultad técnica,Mejor época,Desnivel negativo,Altitud máxima,TrailRank,Altitud mínima,Tipo de ruta,Tiempo,Coordenadas,Fecha de subida,Fecha de realización,URL_Imagen,Tiempo en movimiento
Wikiloc | Ruta 160805 Camino del Inca (INKA TRAIL),https://es.wikiloc.com/rutas-senderismo/160805-camino-del-inca-inka-trail-71758957,"40,42 km",3.500 m,Moderado,11,3.753 m,4.210 m,59,2.393 m,Solo ida,3 días 4 horas 36 minutos,6608,29 de abril de 2021,Ago-15,https://s0.wklcdn.com/image_60/1827561/photo_tn.jpg?1516462495505,
Wikiloc | Ruta 2014-09-19 CUSCO,https://es.wikiloc.com/rutas-senderismo/2014-09-19-cusco-8295127,"7,16 km",82 m,Fácil,7,82 m,3.450 m,63,3.400 m,Circular,4 horas 26 minutos,731,20 de noviembre de 2014,septiembre 2014,https://s0.wklcdn.com/image_3/100798/8295127/4826601.400x300.jpg,
Wikiloc | Ruta 2014-09-21 SALKANTAY FIRST ETAPA,https://es.wikiloc.com/rutas-senderismo/2014-09-21-salkantay-first-etapa-8321277,"20,56 km",1.254 m,Difícil,2,155 m,3.930 m,63,2.823 m,Solo ida,9 horas,1866,23 de noviembre de 2014,septiembre 2014,https://s0.wklcdn.com/image_3/100798/8321277/4843866.400x300.jpg,
Wikiloc | Ruta 2014-09-22 SALKANTAY SECOND ETAPA,https://es.wikiloc.com/rutas-senderismo/2014-09-22-salkantay-second-etapa-8329721,"20,88 km",726 m,Moderado,12,1.779 m,4.643 m,62,2.897 m,Solo ida,9 horas 43 minutos,2277,24 de noviembre de 2014,septiembre 2014,https://s0.wklcdn.com/image_3/100798/8329721/4852044.400x300.jpg,
Wikiloc | Ruta 2014-09-23 SALKANTAY THIRD ETAPA,https://es.wikiloc.com/rutas-senderismo/2014-09-23-salkantay-third-etapa-8336710,"16,58 km",176 m,Moderado,11,974 m,2.883 m,60,2.082 m,Solo ida,5 horas 56 minutos,1412,25 de noviembre de 2014,septiembre 2014,https://s0.wklcdn.com/image_3/100798/8336710/4857741.400x300.jpg,
Wikiloc | Ruta 2014-09-24 MACHUPICCHU,https://es.wikiloc.com/rutas-senderismo/2014-09-24-machupicchu-8344952,"7,9 km",702 m,Moderado,10,702 m,3.074 m,84,2.437 m,Circular,8 horas 5 minutos,1694,27 de noviembre de 2014,septiembre 2014,https://s0.wklcdn.com/image_3/100798/8344952/4864035.400x300.jpg,
Wikiloc | Ruta 2014-09-24 MACHUPICCHU AGUAS CALIENTES,https://es.wikiloc.com/rutas-senderismo/2014-09-24-machupicchu-aguas-calientes-8345403,"7,25 km",103 m,Fácil,9,428 m,2.464 m,38,2.039 m,Solo ida,2 horas 21 minutos,523,27 de noviembre de 2014,septiembre 2014,https://s0.wklcdn.com/image_3/100798/8345403/4864266.400x300.jpg,
Wikiloc | Ruta 2014-09-25 CUSCO,https://es.wikiloc.com/rutas-senderismo/2014-09-25-cusco-8362905,"7,63 km",113 m,Fácil,10,113 m,3.499 m,48,3.420 m,Circular,6 horas 35 minutos,777,30 de noviembre de 2014,septiembre 2014,https://s0.wklcdn.com/image_3/100798/8362905/4875438.400x300.jpg,
Wikiloc | Ruta 71 Día 2 Salkantay - SORAYPAMPA –SALKANTAY- COLPAPAMPA,https://es.wikiloc.com/rutas-senderismo/dia-2-salkantay-trekking-soraymapa-salkantay-colpapampa-112514340,"21,57 km",914 m,Moderado,4,1.993 m,4.679 m,38,2.868 m,Solo ida,10 horas 36 minutos,3901,2 de septiembre de 2022,Ago-22,https://s0.wklcdn.com/image_227/6829403/112514342/72406887.400x300.jpg,"6 horas 47 minutos"
Wikiloc | Ruta 72 Día 3 Salkantay - COLPAPAMPA – PLAYA SAHUAYACO,https://es.wikiloc.com/rutas-senderismo/dia-3-salkantay-trekking-colpapampa-playa-sahuayaco-112524525,"9,96 km",521 m,Moderado,11,974 m,2.870 m,37,2.336 m,Solo ida,3 horas 40 minutos,1685,2 de septiembre de 2022,septiembre 2022,https://s0.wklcdn.com/image_227/6829403/112524527/72420444.400x300.jpg,"2 horas 12 minutos"
Wikiloc | Ruta 73 Día 4 parte1 Salkantay - PLAYA SAHUAYACO- LUCMABAMBA –LLACTAPATA - HIDROELECTRICA,https://es.wikiloc.com/rutas-senderismo/dia-4-salkantay-trekking-parte-1-playa-sahuayaco-lucmabamba-llactapata-hidroelectrica-112514271,"15,32 km",1.104 m,Moderado,11,1.368 m,2.863 m,52,1.793 m,Solo ida,6 horas 3 minutos,2723,2 de septiembre de 2022,septiembre 2022,https://s0.wklcdn.com/image_227/6829403/112514272/72406869.400x300.jpg,"4 horas 13 minutos"
Wikiloc | Ruta 74 Día 4 parte2 Salkantay - HIDROELECTRICA-AGUAS CALIENTES:,https://es.wikiloc.com/rutas-senderismo/dia-4-salkantay-trekking-parte-2-hidroelectrica-aguas-calientes-112524552,"10,45 km",795 m,Moderado,11,524 m,2.122 m,44,1.862 m,Solo ida,2 horas 22 minutos,1797,2 de septiembre de 2022,septiembre 2022,https://s0.wklcdn.com/image_227/6829403/112524555/72420474.400x300.jpg,"2 horas 2 minutos"
Wikiloc | Ruta A Machu Pichu por la Central Hidroeléctrica,https://es.wikiloc.com/rutas-senderismo/a-machu-pichu-por-la-central-hidroelectrica-14169974,"10,17 km",425 m,Fácil,4,243 m,2.133 m,63,1.788 m,Solo ida,58 minutos,89,30 de julio de 2016,Jul-16,https://s0.wklcdn.com/image_46/1389238/14344735/8898465.400x300.jpg,
Wikiloc | Ruta AUSANGATE-ESTE Y MONTAÑA 7 COLORES,https://es.wikiloc.com/rutas-senderismo/ausangate-este-y-montana-7-colores-32842010,"36,05 km",1.652 m,Moderado,9,1.448 m,5.044 m,39,4.333 m,Solo ida,un día 2 horas 36 minutos,3561,6 de febrero de 2019,Jul-18,https://s0.wklcdn.com/image_1/51149/32842010/21148275.400x300.jpg,
Wikiloc | Ruta Abra Huasacocha-Chilca,https://es.wikiloc.com/rutas-senderismo/abra-huasacocha-chilca-10665134,"6,13 km",69 m,Fácil,10,648 m,5.006 m,37,4.385 m,Solo ida,2 horas 37 minutos,534,31 de agosto de 2015,Jun-15,https://s0.wklcdn.com/image_11/340586/10665134/6438780.400x300.jpg,
Wikiloc | Ruta Aguas calientes-Machu picchu,https://es.wikiloc.com/rutas-senderismo/aguas-calientes-machu-picchu-23543747,"14,07 km",1.842 m,Moderado,1,1.842 m,2.611 m,41,1.707 m,Circular,8 horas 40 minutos,2260,28 de marzo de 2018,Mar-18,https://s0.wklcdn.com/image_125/3750373/23543747/14945451.400x300.jpg,"3 horas 29 minutos"
Wikiloc | Ruta Anillo pumahuanca - valle la escondida chupani templo de las ñusta  playita,https://es.wikiloc.com/rutas-senderismo/anillo-pumahuanca-valle-la-escondida-chupani-templo-de-las-nusta-playita-97016116,"10,14 km",811 m,Moderado,5,811 m,3.806 m,41,3.260 m,Circular,4 horas 7 minutos,817,7 de marzo de 2022,Mar-22,https://s0.wklcdn.com/image_207/6233161/97016118/63337956.400x300.jpg,"2 horas 59 minutos"
Wikiloc | Ruta Apu Ausangate + Vinicunca 6D (Tinki-Upis-Ausangatecocha-Vinicunca (7 Colores)-Chillca-Jampa-Pacchanta-Tinki) / Cusco  Perú,https://es.wikiloc.com/rutas-senderismo/apu-ausangate-vinicunca-6d-tinki-upis-ausangatecocha-vinicunca-7-colores-chillca-jampa-pacchanta-ti-18928562,"93,07 km",2.868 m,Solo expertos,9,2.868 m,5.070 m,98,3.779 m,Circular,4 días 21 horas 10 minutos,9340,1 de agosto de 2017,May-17,https://s0.wklcdn.com/image_3/101872/18928562/11989155.400x300.jpg,
Wikiloc | Ruta Ascensión a Montaña Machu Picchu. Subida en Bus desde Aguascalientes. Perú.,https://es.wikiloc.com/rutas-senderismo/ascension-a-montana-machu-picchu-subida-en-bus-desde-aguascalientes-peru-140136123,"13,9 km",1.099 m,Moderado,2,739 m,3.071 m,78,1.963 m,Solo ida,5 horas 57 minutos,2044,10 de julio de 2023,Jul-23,https://s0.wklcdn.com/image_21/641448/photo_tn.jpg?1681659975821,"2 horas 53 minutos"
Wikiloc | Ruta Ascensión a montaña Machu Picchu,https://es.wikiloc.com/rutas-senderismo/ascension-a-montana-machu-picchu-19609836,"2,4 km",677 m,Difícil,7,99 m,3.035 m,39,2.397 m,Solo ida,,61,8 de septiembre de 2017,,https://s0.wklcdn.com/image_100/3010765/19609836/12284043.400x300.jpg,
Wikiloc | Ruta Ascenso al Wayna Picchu,https://es.wikiloc.com/rutas-senderismo/ascenso-al-wayna-picchu-5353804,"1,32 km",247 m,Moderado,12,247 m,2.692 m,54,2.429 m,Circular,2 horas 45 minutos,64,1 de octubre de 2013,septiembre 2013,https://s0.wklcdn.com/image_9/279765/5353804/2798781.400x300.jpg,
Wikiloc | Ruta Ausangate 7 lagunas,https://es.wikiloc.com/rutas-senderismo/ausangate-7-lagunas-109257328,"13,59 km",345 m,Moderado,7,345 m,4.686 m,43,4.334 m,Circular,4 horas 12 minutos,2235,31 de julio de 2022,Jul-22,https://s0.wklcdn.com/image_96/2895445/109257333/70480218.400x300.jpg,"2 horas 51 minutos"
Wikiloc | Ruta CAMINO INCA  1ª JORNADA,https://es.wikiloc.com/rutas-senderismo/camino-inca-1a-jornada-13520465,"16,5 km",3.669 m,Moderado,10,3.379 m,2.981 m,36,2.457 m,Solo ida,,1068,31 de mayo de 2016,Abr-16,https://s0.wklcdn.com/image_4/138462/photo_tn.jpg?1379579827305?892,
Wikiloc | Ruta CAMINO INCA  2ª JORNADA,https://es.wikiloc.com/rutas-senderismo/camino-inca-2a-jornada-13520414,"17,29 km",4.108 m,Moderado,9,3.935 m,4.255 m,36,2.951 m,Solo ida,23 horas 21 minutos,1530,31 de mayo de 2016,Abr-16,https://s0.wklcdn.com/image_4/138462/13520414/8360643.400x300.jpg,
Wikiloc | Ruta CAMINO INCA  3ª JORNADA,https://es.wikiloc.com/rutas-senderismo/camino-inca-3a-jornada-13520277,"15,35 km",3.631 m,Moderado,8,4.204 m,3.976 m,36,2.620 m,Solo ida,,1189,31 de mayo de 2016,May-16,https://s0.wklcdn.com/image_4/138462/13520277/8360667.400x300.jpg,
Wikiloc | Ruta CAMINO INCA  4ª JORNADA,https://es.wikiloc.com/rutas-senderismo/camino-inca-4a-jornada-13520208,"10,68 km",1.022 m,Moderado,7,1.289 m,2.727 m,36,2.375 m,Solo ida,,1221,31 de mayo de 2016,May-16,https://s0.wklcdn.com/image_4/138462/photo_tn.jpg?1379579827305?892,
Wikiloc | Ruta CAMINO INCA  TRACK COMPLETO,https://es.wikiloc.com/rutas-senderismo/camino-inca-track-completo-13525700,"59,83 km",5.688 m,Moderado,12,5.942 m,4.270 m,43,2.375 m,Solo ida,,5006,1 de junio de 2016,Jun-16,https://s0.wklcdn.com/image_4/138462/13525700/8360721.400x300.jpg,
Wikiloc | Ruta CCATAN lodge - Sitio Arqueológico Chupani - Ahuanmarca,https://es.wikiloc.com/rutas-senderismo/ccatan-lodge-sitio-arqueologico-chupani-ahuanmarca-77052859,"15,83 km",905 m,Fácil,8,905 m,3.632 m,39,2.896 m,Circular,5 horas 53 minutos,1977,29 de junio de 2021,Jun-21,https://s0.wklcdn.com/image_236/7098182/77052859/50253120.400x300.jpg,"2 horas 38 minutos"
Wikiloc | Ruta CUSCO: AUSANGATE TREK (RUTA TINKI - PACCHANTA) 5D/4N,https://es.wikiloc.com/rutas-senderismo/cusco-ausangate-trek-ruta-tinki-pacchanta-5d-4n-126630361,"65,16 km",2.616 m,Difícil,12,2.616 m,5.113 m,78,3.788 m,Circular,2 días 3 horas un minuto,5345,23 de febrero de 2023,Ago-19,https://s0.wklcdn.com/image_362/10877688/126630361/80880648.400x300.jpg,
Wikiloc | Ruta CUSCO: AUSANGATE TREK 5D/4N,https://es.wikiloc.com/rutas-senderismo/parcours-planifie-le-2021-01-12-110736458,"65,56 km",2.624 m,Moderado,12,2.624 m,5.100 m,53,3.769 m,Circular,,3294,15 de agosto de 2022,Ago-22,https://s0.wklcdn.com/image_362/10877688/110736458/77214585.400x300.jpg,
Wikiloc | Ruta CUSCO: BALCON DEL DIABLO TREK 1D,https://es.wikiloc.com/rutas-senderismo/cusco-balcon-del-diablo-trek-1d-141323327,"4,29 km",44 m,Fácil,5,368 m,3.770 m,38,3.416 m,Solo ida,una hora 31 minutos,1058,22 de julio de 2023,Jul-23,https://s0.wklcdn.com/image_362/10877688/photo_tn.jpg?1687386213785,
Wikiloc | Ruta CUSCO: CAMINO INCA CHINCHERO - URQUILLOS TREK 1D,https://es.wikiloc.com/rutas-senderismo/cusco-camino-inca-chinchero-urquillos-trek-1d-138417204,"12,11 km",371 m,Fácil,2,1.220 m,3.752 m,40,2.869 m,Solo ida,5 horas 14 minutos,2601,22 de junio de 2023,Jul-22,https://s0.wklcdn.com/image_362/10877688/138417204/87873198.400x300.jpg,
Wikiloc | Ruta CUSCO: CENTRO ARQUEOLOGICO PISAC TREK 1D,https://es.wikiloc.com/rutas-senderismo/cusco-centro-arqueologico-pisac-trek-1d-138460144,"7,84 km",641 m,Fácil,6,886 m,3.510 m,63,3.038 m,Solo ida,4 horas 50 minutos,1111,22 de junio de 2023,Jul-22,https://s0.wklcdn.com/image_362/10877688/138460144/87896574.400x300.jpg,
Wikiloc | Ruta CUSCO: CERRO SENQA TREK 1D,https://es.wikiloc.com/rutas-senderismo/cusco-cerro-senqa-trek-1d-141305101,"24,89 km",1.381 m,Moderado,6,1.381 m,4.391 m,74,3.416 m,Circular,10 horas 59 minutos,7288,22 de julio de 2023,Jul-23,https://s0.wklcdn.com/image_362/10877688/141305101/89504166.400x300.jpg,
Wikiloc | Ruta CUSCO: CERRO WANAKAUWRI O HUANACAURE TREK 1D,https://es.wikiloc.com/rutas-senderismo/cusco-cerro-wanakauwri-o-huanacaure-trek-1d-122580204,18 km,1.002 m,Fácil,4,938 m,4.071 m,56,3.268 m,Solo ida,,781,3 de enero de 2023,,https://s0.wklcdn.com/image_362/10877688/122580204/78483006.400x300.jpg,
Wikiloc | Ruta CUSCO: CIUDADELA MACHU PICCHU TREK 1D,https://es.wikiloc.com/rutas-senderismo/cusco-ciudadela-machu-picchu-trek-1d-138414033,"1,58 km",131 m,Fácil,5,131 m,2.457 m,37,2.427 m,Circular,2 horas 53 minutos,291,22 de junio de 2023,Ago-22,https://s0.wklcdn.com/image_362/10877688/138414033/87872142.400x300.jpg,
Wikiloc | Ruta CUSCO: COMPLEJO ARQUEOLOGICO DE RAQCHI TEMPLO DEL DIOS WIRACOCHA TREK 1D,https://es.wikiloc.com/rutas-senderismo/cusco-complejo-arqueologico-de-raqchi-templo-del-dios-wiracocha-trek-1d-140863099,"3,59 km",21 m,Fácil,10,22 m,3.604 m,47,3.490 m,Solo ida,una hora 54 minutos,850,17 de julio de 2023,Jul-23,https://s0.wklcdn.com/image_362/10877688/140863099/89262096.400x300.jpg,
Wikiloc | Ruta CUSCO: HUCHUY QOSQO TREK 1D,https://es.wikiloc.com/rutas-senderismo/cusco-huchuy-qosqo-trek-1d-122585956,"13,86 km",650 m,Fácil,12,1.557 m,4.418 m,56,2.930 m,Solo ida,,1033,3 de enero de 2023,,https://s0.wklcdn.com/image_362/10877688/photo_tn.jpg?1687386213785,
Wikiloc | Ruta CUSCO: INKILLTAMBO - KALLACHAQA TREK 1D,https://es.wikiloc.com/rutas-senderismo/cusco-inkilltambo-kallachaqa-trek-1d-122589464,"12,81 km",457 m,Fácil,3,457 m,3.678 m,61,3.401 m,Circular,,782,4 de enero de 2023,,https://s0.wklcdn.com/image_362/10877688/122589464/78488292.400x300.jpg,
Wikiloc | Ruta CUSCO: KALLACHAKA - INKILLTAMBO - CHUSPIYOC - TEMPLO DE LA LUNA - KUSILLUCHAYOC - QOCHAPATA - QENKO CHICO TREK 1D,https://es.wikiloc.com/rutas-senderismo/cusco-kallachaka-inkilltambo-chuspiyoc-templo-de-la-luna-kusilluchayoc-qochapata-qenko-chico-trek-1-141326020,"17,35 km",625 m,Moderado,2,625 m,3.784 m,85,3.389 m,Circular,8 horas 42 minutos,4331,22 de julio de 2023,Jul-23,https://s0.wklcdn.com/image_362/10877688/photo_tn.jpg?1687386213785,
Wikiloc | Ruta CUSCO: NEVADO CHICON TREK 1D,https://es.wikiloc.com/rutas-senderismo/cusco-nevado-chicon-trek-1d-141588277,"36,29 km",2.539 m,Moderado,8,2.539 m,4.959 m,78,2.892 m,Circular,11 horas 50 minutos,8978,25 de julio de 2023,Jul-23,https://s0.wklcdn.com/image_362/10877688/141588277/89674365.400x300.jpg,
Wikiloc | Ruta CUSCO: PARQUE NACIONAL DEL MANU SENDERO TURISTICO ZORRO TREK 1D,https://es.wikiloc.com/rutas-senderismo/cusco-parque-nacional-del-manu-sendero-turistico-zorro-trek-1d-141683470,"1,33 km",50 m,Fácil,10,50 m,3.451 m,36,3.411 m,Circular,24 minutos,211,26 de julio de 2023,Jul-23,https://s0.wklcdn.com/image_362/10877688/photo_tn.jpg?1687386213785,
Wikiloc | Ruta CUSCO: RUTA 07 LAGUNAS DE AUSANGATE TREK 1D,https://es.wikiloc.com/rutas-senderismo/cusco-ruta-07-lagunas-de-ausangate-trek-1d-126683874,"13,53 km",345 m,Fácil,6,345 m,4.686 m,66,4.334 m,Circular,4 horas 11 minutos,2224,24 de febrero de 2023,Jul-22,https://s0.wklcdn.com/image_362/10877688/126683874/80907888.400x300.jpg,
Wikiloc | Ruta CUSCO: RUTA MIRADOR TRES CRUCES DE ORO A PAUCARTAMBO TREK 1D,https://es.wikiloc.com/rutas-senderismo/cusco-ruta-mirador-tres-cruces-de-oro-a-paucartambo-trek-1d-141312732,"36,71 km",1.228 m,Moderado,9,1.964 m,3.660 m,73,2.736 m,Solo ida,8 horas 34 minutos,5932,22 de julio de 2023,Jul-23,https://s0.wklcdn.com/image_362/10877688/141312732/89509140.400x300.jpg,
Wikiloc | Ruta CUSCO: SALKANTAY TREK 4D/3N,https://es.wikiloc.com/rutas-senderismo/cusco-salkantay-trek-4d-3n-126678403,"87,14 km",4.349 m,Moderado,10,5.500 m,4.636 m,88,1.786 m,Solo ida,3 días 7 horas 41 minutos,21713,23 de febrero de 2023,Dic-22,https://s0.wklcdn.com/image_362/10877688/126678403/80904843.400x300.jpg,
Wikiloc | Ruta CUSCO: SITIO ARQUEOLOGICO QUESPEHUARA TREK 1D,https://es.wikiloc.com/rutas-senderismo/cusco-sitio-arqueologico-quespehuara-trek-1d-141319100,"5,65 km",315 m,Fácil,8,213 m,3.676 m,50,3.417 m,Solo ida,una hora 34 minutos,1168,22 de julio de 2023,Jul-23,https://s0.wklcdn.com/image_362/10877688/photo_tn.jpg?1687386213785,
Wikiloc | Ruta CUSCO: VINICUNA - VALLE ROJO TREK 1D,https://es.wikiloc.com/rutas-senderismo/cusco-vinicuna-valle-rojo-trek-1d-122591120,"8,11 km",443 m,Fácil,1,443 m,4.984 m,37,4.627 m,Circular,,306,4 de enero de 2023,,https://s0.wklcdn.com/image_362/10877688/photo_tn.jpg?1687386213785,
Wikiloc | Ruta CUSCO: VOLCAN QUIMSACHATA RUTA CIRCULAR TREK 1D,https://es.wikiloc.com/rutas-senderismo/cusco-volcan-quimsachata-ruta-circular-trek-1d-140857689,"11,16 km",262 m,Moderado,1,262 m,3.681 m,54,3.499 m,Circular,4 horas 9 minutos,2498,17 de julio de 2023,Jul-23,https://s0.wklcdn.com/image_362/10877688/photo_tn.jpg?1687386213785,
Wikiloc | Ruta Caminado por Cuzco,https://es.wikiloc.com/rutas-senderismo/caminado-por-cuzco-28719307,"3,79 km",57 m,Moderado,1,57 m,3.468 m,58,3.401 m,Circular,una hora 43 minutos,613,16 de septiembre de 2018,septiembre 2018,https://s0.wklcdn.com/image_31/958217/28719308/18343971.400x300.jpg,"45 minutos"
Wikiloc | Ruta Camino Inca - Dia 1,https://es.wikiloc.com/rutas-senderismo/camino-inca-dia-1-5353568,"10,53 km",637 m,Moderado,9,490 m,2.850 m,47,2.617 m,Solo ida,6 horas 37 minutos,487,1 de octubre de 2013,septiembre 2013,https://s0.wklcdn.com/image_9/279765/photo_tn.jpg?1443461988523?150,
Wikiloc | Ruta Camino Inca - Dia 2,https://es.wikiloc.com/rutas-senderismo/camino-inca-dia-2-5353588,"8,8 km",1.444 m,Moderado,10,632 m,4.223 m,48,2.849 m,Solo ida,8 horas 34 minutos,416,1 de octubre de 2013,septiembre 2013,https://s0.wklcdn.com/image_9/279765/5353588/2814210.400x300.jpg,
Wikiloc | Ruta Camino Inca - Dia 3,https://es.wikiloc.com/rutas-senderismo/camino-inca-dia-3-5356245,"10,68 km",655 m,Moderado,2,1.432 m,3.969 m,49,2.735 m,Solo ida,10 horas 21 minutos,1674,1 de octubre de 2013,septiembre 2013,https://s0.wklcdn.com/image_9/279765/photo_tn.jpg?1443461988523?150,
Wikiloc | Ruta Camino Inca - Dia 4,https://es.wikiloc.com/rutas-senderismo/camino-inca-dia-4-5353625,"4,87 km",157 m,Moderado,10,393 m,2.723 m,41,2.442 m,Solo ida,4 horas 40 minutos,233,1 de octubre de 2013,septiembre 2013,https://s0.wklcdn.com/image_9/279765/photo_tn.jpg?1443461988523?150,
Wikiloc | Ruta Camino Inca - Inca Trail completo de 4 dias,https://es.wikiloc.com/rutas-senderismo/camino-inca-inca-trail-completo-de-4-dias-5360330,"35,04 km",2.892 m,Moderado,2,3.009 m,4.223 m,63,2.442 m,Solo ida,2 días 21 horas 26 minutos,2810,2 de octubre de 2013,septiembre 2013,https://s0.wklcdn.com/image_9/279765/5360330/2802897.400x300.jpg,
Wikiloc | Ruta Camino Inca - Inka Trail,https://es.wikiloc.com/rutas-senderismo/camino-inca-inka-trail-10618151,"44,95 km",2.709 m,Moderado,6,3.074 m,4.228 m,67,2.038 m,Solo ida,3 días 5 horas 37 minutos,7431,27 de agosto de 2015,Ago-15,https://s0.wklcdn.com/image_0/3818/10618152/6405195.400x300.jpg,
Wikiloc | Ruta Camino Inca - KM 104,https://es.wikiloc.com/rutas-senderismo/camino-inca-km-104-30708812,"10,37 km",1.424 m,Moderado,6,1.170 m,2.690 m,58,2.141 m,Solo ida,6 horas 22 minutos,1758,20 de noviembre de 2018,Oct-17,https://s0.wklcdn.com/image_25/772700/30708812/19797510.400x300.jpg,
Wikiloc | Ruta Camino Inca Día 1,https://es.wikiloc.com/rutas-senderismo/camino-inca-dia-1-26390154,"10,15 km",593 m,Moderado,12,303 m,2.951 m,56,2.605 m,Solo ida,,744,7 de julio de 2018,,https://s0.wklcdn.com/image_13/398301/26390155/16853823.400x300.jpg,
Wikiloc | Ruta Camino Inca Día 2,https://es.wikiloc.com/rutas-senderismo/camino-inca-dia-2-26411825,"10,83 km",1.649 m,Moderado,8,1.051 m,4.208 m,39,2.951 m,Solo ida,,715,8 de julio de 2018,,https://s0.wklcdn.com/image_13/398301/26411825/16869180.400x300.jpg,
Wikiloc | Ruta Camino Inca Día 3,https://es.wikiloc.com/rutas-senderismo/camino-inca-dia-3-26428247,"6,94 km",230 m,Moderado,12,1.106 m,3.656 m,44,2.668 m,Solo ida,,405,8 de julio de 2018,,https://s0.wklcdn.com/image_13/398301/photo_tn.jpg?1421335396208?781,
Wikiloc | Ruta Camino Salkantay,https://es.wikiloc.com/rutas-senderismo/camino-salkantay-25094701,"64,45 km",3.552 m,Moderado,8,5.421 m,4.646 m,42,1.792 m,Solo ida,2 días 8 horas 29 minutos,10358,21 de mayo de 2018,May-18,https://s0.wklcdn.com/image_96/2900005/25094706/16016031.700x525.jpg,"15 horas 10 minutos"
Wikiloc | Ruta Camino Salkantay Día 1: Soraypampa - Laguna Humantay - Soraypampa,https://es.wikiloc.com/rutas-senderismo/camino-salkantay-dia-1-soraypampa-laguna-humantay-soraypampa-112841341,"7,05 km",598 m,Moderado,6,598 m,4.341 m,44,3.868 m,Circular,4 horas 25 minutos,1287,6 de septiembre de 2022,septiembre 2022,https://s0.wklcdn.com/image_319/9595055/112841342/72594537.400x300.jpg,"2 horas 28 minutos"
Wikiloc | Ruta Camino Salkantay Día 2: Soraypampa -Chaullay,https://es.wikiloc.com/rutas-senderismo/camino-salkantay-dia-2-soraypampa-chaullay-112841335,"21,16 km",979 m,Difícil,7,1.948 m,4.678 m,35,2.909 m,Solo ida,9 horas 26 minutos,3820,6 de septiembre de 2022,septiembre 2022,https://s0.wklcdn.com/image_319/9595055/112841337/72594579.400x300.jpg,"6 horas 21 minutos"
Wikiloc | Ruta Camino Salkantay Día 3: Chaullay- Lucmabamba,https://es.wikiloc.com/rutas-senderismo/camino-salkantay-dia-3-chaullay-lucmabamba-112919164,"19,1 km",560 m,Fácil,3,1.409 m,2.882 m,43,1.989 m,Solo ida,6 horas 12 minutos,3394,6 de septiembre de 2022,septiembre 2022,https://s0.wklcdn.com/image_319/9595055/112919170/72640365.700x525.jpg,"4 horas 26 minutos"
Wikiloc | Ruta Camino del Inca- (Ollantaytambo-Aguas calientes) tren  senderismo  bus (Perú),https://es.wikiloc.com/rutas-senderismo/camino-del-inca-ollantaytambo-aguas-calientes-tren-senderismo-bus-116863593,"57,23 km",2.287 m,Moderado,7,3.034 m,2.864 m,42,2.040 m,Solo ida,10 horas 25 minutos,5190,21 de octubre de 2022,Oct-22,https://s0.wklcdn.com/image_109/3280075/116863599/74981835.400x300.jpg,"4 horas 8 minutos"
Wikiloc | Ruta Camino del Inca. Cuatro días  trekking desde Km 82  Ollaytantambo hasta Machu Picchu. Cuzco. Perú.,https://es.wikiloc.com/rutas-senderismo/camino-del-inca-cuatro-dias-trekking-desde-km-82-ollaytantambo-hasta-machu-picchu-cuzco-peru-14175803,"39,61 km",2.110 m,Muy difícil,2,2.571 m,4.216 m,61,2.422 m,Solo ida,3 días 45 minutos,3324,30 de julio de 2016,Jul-16,https://s0.wklcdn.com/image_13/404164/14175804/8789817.400x300.jpg,
Wikiloc | Ruta Camino del Inka + Machu Picchu + Wayna Picchu,https://es.wikiloc.com/rutas-senderismo/camino-del-inka-machu-picchu-wayna-picchu-16349586,"50,16 km",3.175 m,Moderado,7,3.303 m,4.218 m,65,2.391 m,Solo ida,3 días 2 horas 47 minutos,5656,8 de febrero de 2017,Ene-17,https://s0.wklcdn.com/image_16/506343/16349586/10252014.400x300.jpg,
Wikiloc | Ruta Camino inca 4d/3n,https://es.wikiloc.com/rutas-senderismo/camino-inca-4d-3n-131124893,"35,95 km",1.797 m,Moderado,4,1.693 m,4.275 m,50,2.527 m,Solo ida,2 días 23 horas 34 minutos,4327,10 de abril de 2023,Abr-23,https://s0.wklcdn.com/image_258/7763381/131124894/83585955.400x300.jpg,"12 horas 10 minutos"
Wikiloc | Ruta Camino por andenes y riachuelo en Sumacpampa - Yucay,https://es.wikiloc.com/rutas-senderismo/camino-por-andenes-y-riachuelo-en-sumacpampa-yucay-90426553,"2,2 km",0 m,Fácil,7,170 m,3.027 m,36,2.863 m,Solo ida,50 minutos,375,8 de diciembre de 2021,Dic-21,https://s0.wklcdn.com/image_242/7265245/90426555/59042472.400x300.jpg,"28 minutos"
Wikiloc | Ruta Central Hidroelectrica - Aguascalientes,https://es.wikiloc.com/rutas-senderismo/central-hidroelectrica-aguascalientes-133671124,"10,44 km",467 m,Fácil,12,322 m,2.151 m,46,1.774 m,Solo ida,3 horas 52 minutos,62,3 de mayo de 2023,Ago-18,https://s0.wklcdn.com/image_36/1087927/133671126/85163760.400x300.jpg,
Wikiloc | Ruta Cerro colorado - Vinicunca (5.020m),https://es.wikiloc.com/rutas-senderismo/cerro-colorado-vinicunca-5-020m-14169839,"16,13 km",829 m,Fácil,11,829 m,5.038 m,44,4.306 m,Circular,5 horas 22 minutos,2750,30 de julio de 2016,Jul-16,https://s0.wklcdn.com/image_46/1389238/14169839/8906505.400x300.jpg,
Wikiloc | Ruta Chilca-Palomani Riti,https://es.wikiloc.com/rutas-senderismo/chilca-palomani-riti-10767194,"15,44 km",999 m,Fácil,2,999 m,5.225 m,36,4.405 m,Circular,7 horas 29 minutos,1496,12 de septiembre de 2015,Jun-15,https://s0.wklcdn.com/image_11/340586/10767194/6504747.400x300.jpg,
Wikiloc | Ruta Chupani + Cataratas,https://es.wikiloc.com/rutas-senderismo/chupani-cataratas-82601599,"10,03 km",550 m,Moderado,5,550 m,3.817 m,41,3.251 m,Circular,5 horas 5 minutos,1394,30 de agosto de 2021,Ago-21,https://s0.wklcdn.com/image_270/8116096/82601600/53445438.400x300.jpg,"una hora 50 minutos"
Wikiloc | Ruta Circuito - camino inca ritual Huanacaure,https://es.wikiloc.com/rutas-senderismo/circuito-camino-inca-ritual-huanacaure-50585993,"19,25 km",871 m,Moderado,10,871 m,4.054 m,57,3.269 m,Circular,9 horas 23 minutos,3207,6 de junio de 2020,Jun-20,https://s0.wklcdn.com/image_191/5753488/50585995/33593460.400x300.jpg,"4 horas 12 minutos"
Wikiloc | Ruta Circular por Huayna Pichu,https://es.wikiloc.com/rutas-senderismo/circular-por-huayna-pichu-14169852,"4,92 km",669 m,Fácil,6,669 m,2.688 m,36,2.247 m,Circular,3 horas 20 minutos,859,30 de julio de 2016,Jul-16,https://s0.wklcdn.com/image_46/1389238/14345130/8898690.400x300.jpg,
Wikiloc | Ruta Ciudadela de Machu Picchu (Perú): ascensión al pico Wuaynapicchu,https://es.wikiloc.com/rutas-senderismo/ciudadela-de-machu-picchu-peru-ascension-al-pico-wuaynapicchu-119152744,"4,94 km",488 m,Moderado,4,488 m,2.660 m,74,2.272 m,Circular,4 horas 21 minutos,899,14 de noviembre de 2022,Nov-22,https://s0.wklcdn.com/image_122/3687364/119152749/76628370.400x300.jpg,"una hora 53 minutos"
Wikiloc | Ruta Cordillera de Vilcabamba / Pisaq 3.500m (Perú),https://es.wikiloc.com/rutas-senderismo/cordillera-de-vilcabamba-pisaq-3-500m-peru-18421076,"4,54 km",205 m,Moderado,2,679 m,3.520 m,38,3.025 m,Solo ida,3 horas 17 minutos,387,28 de junio de 2017,Jun-17,https://s0.wklcdn.com/image_90/2724530/18421076/11656992.400x300.jpg,
Wikiloc | Ruta Cordillera de Vilcanota-Ausangate / Apu winicunca 5.200m (Perú),https://es.wikiloc.com/rutas-senderismo/cordillera-de-vilcanota-ausangate-apu-winicunca-5-200m-peru-18421138,"10,14 km",557 m,Moderado,4,552 m,5.069 m,40,4.536 m,Solo ida,4 horas 56 minutos,943,28 de junio de 2017,Jun-17,https://s0.wklcdn.com/image_90/2724530/18421138/11656734.400x300.jpg,
Wikiloc | Ruta Cusco - Piuray - Huchuy Qosqo - Lamay,https://es.wikiloc.com/rutas-senderismo/cusco-piuray-huchuy-qosqo-lamay-40204635,"16,06 km",752 m,Fácil,7,1.659 m,4.423 m,36,2.917 m,Solo ida,4 horas 26 minutos,2617,19 de agosto de 2019,Ago-19,https://s0.wklcdn.com/image_146/4382718/40204635/26082495.400x300.jpg,"3 horas 14 minutos"
Wikiloc | Ruta Cusco - San Jerónimo,https://es.wikiloc.com/rutas-senderismo/cusco-san-jeronimo-125206014,"26,84 km",726 m,Moderado,2,859 m,4.007 m,39,3.301 m,Solo ida,6 horas 52 minutos,3349,5 de febrero de 2023,Feb-23,https://s0.wklcdn.com/image_258/7763381/125206015/80050830.400x300.jpg,"5 horas 4 minutos"
Wikiloc | Ruta Cusco - Uchullucllo Camino a la Montaña de los 7 colores,https://es.wikiloc.com/rutas-senderismo/cusco-uchullucllo-camino-a-la-montana-de-los-7-colores-85732651,"102,01 km",2.045 m,Moderado,12,566 m,4.916 m,38,3.097 m,Solo ida,6 horas 11 minutos,4512,7 de octubre de 2021,Oct-21,https://s0.wklcdn.com/image_290/8711416/85732653/55374996.400x300.jpg,"2 horas 27 minutos"
Wikiloc | Ruta Cusipata (Departamento de Cusco  Perú): ascensión a la montaña Vinikunka o de los Siete Colores,https://es.wikiloc.com/rutas-senderismo/cusipata-departamento-de-cusco-peru-ascension-a-la-montana-vinikunka-o-de-los-siete-colores-119209522,"7,82 km",349 m,Moderado,12,349 m,4.995 m,77,4.636 m,Circular,3 horas 49 minutos,1404,14 de noviembre de 2022,Nov-22,https://s0.wklcdn.com/image_122/3687364/119209522/76644729.400x300.jpg,"2 horas 14 minutos"
Wikiloc | Ruta Desafío 'Sr. De Huanca',https://es.wikiloc.com/rutas-senderismo/desafio-sr-de-huanca-116119264,"15,43 km",1.156 m,Difícil,9,1.181 m,4.326 m,35,3.300 m,Solo ida,,2339,12 de octubre de 2022,Oct-22,,
Wikiloc | Ruta Desde tauca hasta Huchuy Qosqo pasado por Pucamarca,https://es.wikiloc.com/rutas-senderismo/desde-tauca-hasta-huchuy-qosqo-pasado-por-pucamarca-118991484,"16,04 km",594 m,Moderado,10,702 m,4.358 m,47,3.703 m,Solo ida,7 horas 48 minutos,2740,12 de noviembre de 2022,Nov-22,https://s0.wklcdn.com/image_345/10354899/118991484/76286235.400x300.jpg,"5 horas 33 minutos"
Wikiloc | Ruta Dia 2. SALKANTAY TREK. Soraypampa-collcapampa,https://es.wikiloc.com/rutas-senderismo/dia-2-salkantay-trek-soraypampa-collcapampa-154730533,"22,59 km",819 m,Difícil,4,1.795 m,4.629 m,36,2.867 m,Solo ida,10 horas 8 minutos,3909,3 de diciembre de 2023,Dic-23,https://s0.wklcdn.com/image_435/13061418/154730533/97206507.400x300.jpg,"7 horas 6 minutos"
Wikiloc | Ruta Escuela Markuray - Catarata Perolniyoq - Ñaupa Iglesia - Pachar,https://es.wikiloc.com/rutas-senderismo/escuela-markuray-catarata-perolniyoq-naupa-iglesia-pachar-124819167,"11,27 km",533 m,Moderado,8,870 m,3.798 m,42,2.876 m,Solo ida,6 horas 3 minutos,911,2 de febrero de 2023,Feb-23,https://s0.wklcdn.com/image_5/151910/124819169/79809006.700x525.jpg,"2 horas 36 minutos"
Wikiloc | Ruta Full Salkantay Trek  Mollepata-Aguas Calientes,https://es.wikiloc.com/rutas-senderismo/full-salkantay-trek-mollepata-aguas-calientes-61741719,"90,14 km",5.319 m,Moderado,9,6.061 m,4.613 m,48,1.762 m,Solo ida,4 días una hora 13 minutos,15977,5 de diciembre de 2020,Dic-20,https://s0.wklcdn.com/image_29/890626/61741722/41080200.400x300.jpg,"un día 46 minutos"
Wikiloc | Ruta Glaciar de Quelccaya,https://es.wikiloc.com/rutas-senderismo/glaciar-de-quelccaya-107384843,"9,18 km",500 m,Moderado,7,61 m,5.245 m,35,4.806 m,Solo ida,,227,8 de julio de 2022,,https://s0.wklcdn.com/image_367/11029274/107384843/69431298.400x300.jpg,
Wikiloc | Ruta Hampucocha.,https://es.wikiloc.com/rutas-senderismo/hampucocha-10640261,"11,6 km",1.085 m,Fácil,11,290 m,4.988 m,37,3.968 m,Solo ida,5 horas 5 minutos,1215,29 de agosto de 2015,Jun-15,,
Wikiloc | Ruta Hanchipacha-Japura,https://es.wikiloc.com/rutas-senderismo/hanchipacha-japura-10767741,"20,07 km",870 m,Fácil,8,991 m,4.956 m,56,4.044 m,Solo ida,7 horas 36 minutos,1656,12 de septiembre de 2015,Jun-15,https://s0.wklcdn.com/image_11/340586/10767741/6505026.400x300.jpg,
Wikiloc | Ruta Hidroeléctrica - Aguas Calientes,https://es.wikiloc.com/rutas-senderismo/hidroelectrica-aguas-calientes-109367704,"11,46 km",740 m,Moderado,11,469 m,2.047 m,61,1.776 m,Solo ida,3 horas 3 minutos,1954,1 de agosto de 2022,Ago-22,https://s0.wklcdn.com/image_20/600603/109367704/70547169.400x300.jpg,"2 horas 33 minutos"
Wikiloc | Ruta Hidroeléctrica - Aguas Calientes,https://es.wikiloc.com/rutas-senderismo/hidroelectrica-aguas-calientes-28751635,"11,32 km",2.054 m,Moderado,3,65 m,1.992 m,62,23 m,Solo ida,2 horas 56 minutos,1855,18 de septiembre de 2018,septiembre 2018,https://s0.wklcdn.com/image_31/958217/28751639/18383145.700x525.jpg,"2 horas 24 minutos"
Wikiloc | Ruta Hidroeléctrica - Plaza de Armas de Machu Picchu,https://es.wikiloc.com/rutas-senderismo/hidroelectrica-plaza-de-armas-de-machu-picchu-83048800,"9,09 km",163 m,Fácil,12,6 m,2.044 m,39,1.884 m,Solo ida,una hora 45 minutos,1494,5 de septiembre de 2021,septiembre 2021,https://s0.wklcdn.com/image_196/5891348/83048807/53775252.400x300.jpg,"una hora 47 minutos"
Wikiloc | Ruta Humantaycocha (Laguna Humantay). Soraypampa. Perú.,https://es.wikiloc.com/rutas-senderismo/humantaycocha-laguna-humantay-soraypampa-peru-139709415,"6,74 km",569 m,Moderado,5,504 m,4.302 m,81,3.811 m,Solo ida,4 horas 12 minutos,1244,5 de julio de 2023,Jul-23,https://s0.wklcdn.com/image_21/641448/139709415/93046971.400x300.jpg,"2 horas 35 minutos"
Wikiloc | Ruta INCA TRAIL,https://es.wikiloc.com/rutas-senderismo/path-152536032,"32,27 km",3.376 m,Moderado,3,3.483 m,4.238 m,39,2.510 m,Solo ida,,331,7 de noviembre de 2023,Nov-23,https://s0.wklcdn.com/image_474/14242503/152536034/95973702.400x300.jpg,
Wikiloc | Ruta INKA TRAIL - MACHU PICHU,https://es.wikiloc.com/rutas-senderismo/inka-trail-machu-pichu-14635918,"39,78 km",2.575 m,Difícil,7,2.608 m,4.228 m,39,2.450 m,Solo ida,2 días 22 horas 43 minutos,4539,4 de septiembre de 2016,Ago-16,https://s0.wklcdn.com/image_0/28378/14635918/9094611.400x300.jpg,
Wikiloc | Ruta Inca Trail,https://es.wikiloc.com/rutas-senderismo/inca-trail-2047771,"36,74 km",2.503 m,Difícil,7,2.729 m,4.232 m,37,2.423 m,Solo ida,2 días 20 horas 37 minutos,6336,20 de septiembre de 2011,septiembre 2011,https://s0.wklcdn.com/image_0/5172/photo_tn.jpg?1438360922801?378,
Wikiloc | Ruta Km 82 a Pueblo Machu Picchu (por vía férrea),https://es.wikiloc.com/rutas-senderismo/km-82-a-pueblo-machu-picchu-por-via-ferrea-14209443,"31,31 km",643 m,Moderado,1,1.195 m,2.652 m,44,1.998 m,Solo ida,un día 52 minutos,2615,2 de agosto de 2016,Jul-16,https://s0.wklcdn.com/image_52/1573882/14209445/8812347.400x300.jpg,
Wikiloc | Ruta LAGUNA HUMANTAY (PERU),https://es.wikiloc.com/rutas-senderismo/laguna-humantay-peru-45712255,"7,3 km",424 m,Moderado,3,424 m,4.016 m,36,3.584 m,Circular,3 horas 45 minutos,1318,19 de enero de 2020,Ago-19,https://s0.wklcdn.com/image_49/1475176/45712255/30068631.400x300.jpg,"2 horas 30 minutos"
Wikiloc | Ruta Laguna YANACOCCHA Y CHAQUICOCHA - Huayoccari Urubamba -,https://es.wikiloc.com/rutas-senderismo/laguna-yanacoccha-y-chaquicocha-huayoccari-urubamba-132615499,"17,23 km",1.327 m,Difícil,11,1.324 m,4.218 m,35,2.919 m,Solo ida,6 horas 51 minutos,3046,23 de abril de 2023,Abr-23,https://s0.wklcdn.com/image_346/10387267/132615499/84517395.400x300.jpg,"5 horas 9 minutos"
Wikiloc | Ruta Laguna de qan qan - Calca,https://es.wikiloc.com/rutas-senderismo/laguna-de-qan-qan-calca-50321002,"8,38 km",14 m,Difícil,9,1.102 m,4.253 m,39,3.150 m,Solo ida,4 horas 19 minutos,1515,1 de junio de 2020,Jun-20,https://s0.wklcdn.com/image_102/3064699/50321004/33437631.400x300.jpg,"2 horas 49 minutos"
Wikiloc | Ruta Lagunas Ausangate,https://es.wikiloc.com/rutas-senderismo/lagunas-ausangate-27434848,"11,74 km",338 m,Moderado,9,338 m,4.633 m,40,4.311 m,Circular,4 horas 23 minutos,2033,11 de agosto de 2018,Ago-18,https://s0.wklcdn.com/image_80/2425010/27434850/17513814.400x300.jpg,"2 horas 32 minutos"
Wikiloc | Ruta Lagunas de Huaran,https://es.wikiloc.com/rutas-senderismo/lagunas-de-huaran-138171977,"10,16 km",937 m,Moderado,4,48 m,4.422 m,38,3.304 m,Solo ida,3 horas 59 minutos,540,19 de junio de 2023,Jun-23,https://s0.wklcdn.com/image_207/6233161/138171980/87740997.400x300.jpg,"3 horas 44 minutos"
Wikiloc | Ruta Machu Picchu - Aguas Calientes,https://es.wikiloc.com/rutas-senderismo/machu-picchu-aguas-calientes-8225644,"6,38 km",295 m,Fácil,10,446 m,2.549 m,42,2.043 m,Solo ida,4 horas 41 minutos,561,10 de noviembre de 2014,Oct-14,https://s0.wklcdn.com/image_0/8542/8225644/4778853.400x300.jpg,
Wikiloc | Ruta Machu Picchu y Huayna Picchu,https://es.wikiloc.com/rutas-senderismo/machu-picchu-y-huayna-picchu-15091003,"5,35 km",461 m,Moderado,5,461 m,2.680 m,39,2.414 m,Circular,7 horas,495,12 de octubre de 2016,Mar-16,,
Wikiloc | Ruta Machu Picchu: Camino Inca corto,https://es.wikiloc.com/rutas-senderismo/machu-picchu-camino-inca-corto-42212990,"10,02 km",1.357 m,Moderado,6,1.134 m,2.780 m,43,2.143 m,Solo ida,9 horas 11 minutos,1041,8 de octubre de 2019,Ago-19,https://s0.wklcdn.com/image_0/13202/42212990/27500385.400x300.jpg,
Wikiloc | Ruta Machupicchu Hidroeléctrica - Aguas Calientes,https://es.wikiloc.com/rutas-senderismo/machupicchu-hidroelectrica-aguas-calientes-105715883,"11,41 km",259 m,Moderado,6,36 m,2.022 m,35,1.773 m,Solo ida,2 horas 13 minutos,1932,17 de junio de 2022,Jun-22,https://s0.wklcdn.com/image_282/8478930/105715886/68504880.400x300.jpg,"2 horas 6 minutos"
Wikiloc | Ruta Machupicchu Santuario Maravilla del Mundo,https://es.wikiloc.com/rutas-senderismo/machupicchu-santuario-maravilla-del-mundo-28263826,"13,75 km",1.534 m,Moderado,6,1.534 m,2.515 m,43,1.837 m,Circular,8 horas 53 minutos,1838,2 de septiembre de 2018,septiembre 2018,https://s0.wklcdn.com/image_52/1580825/28263827/18113337.400x300.jpg,"2 horas 45 minutos"
Wikiloc | Ruta Maras - moray - maras - salinas - urubamba,https://es.wikiloc.com/rutas-senderismo/maras-moray-maras-salinas-urubamba-5234201,"19,2 km",324 m,Fácil,7,753 m,3.362 m,44,2.749 m,Solo ida,6 horas 48 minutos,712,12 de septiembre de 2013,Ago-13,https://s0.wklcdn.com/image_21/641023/5234201/2718870.400x300.jpg,
Wikiloc | Ruta Maras Pueblo - Salineras de Maras - Tarabamba,https://es.wikiloc.com/rutas-senderismo/maras-pueblo-salineras-de-maras-tarabamba-21778652,"6,84 km",52 m,Moderado,9,558 m,3.370 m,37,2.836 m,Solo ida,2 horas 37 minutos,1223,30 de diciembre de 2017,Dic-17,https://s0.wklcdn.com/image_34/1035463/21778653/13721736.400x300.jpg,"una hora 41 minutos"
Wikiloc | Ruta Mercado sabático baratillo Cusco,https://es.wikiloc.com/rutas-senderismo/mercado-sabatico-baratillo-cusco-31965279,"5,03 km",98 m,Fácil,11,83 m,3.518 m,37,3.408 m,Solo ida,3 horas 42 minutos,639,5 de enero de 2019,Ene-19,https://s0.wklcdn.com/image_155/4675311/photo_tn.jpg?1546629108812,"41 minutos"
Wikiloc | Ruta Mollepata - Machupicchu Salkantay trek,https://es.wikiloc.com/rutas-senderismo/mollepata-machupicchu-salkantay-trek-135212040,"105,1 km",8.149 m,Difícil,4,8.670 m,4.597 m,35,1.750 m,Solo ida,4 días 4 horas 13 minutos,17459,19 de mayo de 2023,May-23,https://s0.wklcdn.com/image_60/1809889/135212041/86032644.400x300.jpg,"23 horas 47 minutos"
Wikiloc | Ruta Montaña 7 colores,https://es.wikiloc.com/rutas-senderismo/montana-7-colores-29421451,"118,25 km",2.316 m,Difícil,3,2.812 m,5.032 m,39,3.113 m,Solo ida,8 horas 11 minutos,10679,8 de octubre de 2018,Oct-18,https://s0.wklcdn.com/image_134/4048195/29421458/18797382.700x525.jpg,"4 horas 35 minutos"
Wikiloc | Ruta Montaña Machu Picchu en Peru,https://es.wikiloc.com/rutas-senderismo/machu-picchu-montana-nivel-3-moderado-92036436,"6,1 km",1.077 m,Moderado,8,1.077 m,3.041 m,54,2.414 m,Circular,5 horas 32 minutos,360,3 de enero de 2022,Dic-21,,
Wikiloc | Ruta Montaña Winicunca (7 colores),https://es.wikiloc.com/rutas-senderismo/montana-winicunca-7-colores-25580408,"10,07 km",447 m,Moderado,2,447 m,4.961 m,43,4.508 m,Circular,4 horas 21 minutos,1811,8 de junio de 2018,Jun-18,https://s0.wklcdn.com/image_124/3730678/25580409/16329906.400x300.jpg,"2 horas 40 minutos"
Wikiloc | Ruta Montaña Winikunka (7 Colores o Arco Iris),https://es.wikiloc.com/rutas-senderismo/montana-winikunka-7-colores-o-arco-iris-35538402,"108,4 km",1.763 m,Moderado,6,730 m,4.975 m,41,3.130 m,Solo ida,7 horas 24 minutos,4949,21 de abril de 2019,Abr-19,https://s0.wklcdn.com/image_91/2733066/photo_tn.jpg?1548974434087,"4 horas 33 minutos"
Wikiloc | Ruta Montaña de colores Vinicunca,https://es.wikiloc.com/rutas-senderismo/montana-de-colores-vinicunca-29762303,"7,6 km",363 m,Difícil,8,363 m,5.067 m,53,4.590 m,Circular,3 horas 17 minutos,1350,20 de octubre de 2018,Oct-18,https://s0.wklcdn.com/image_89/2682122/29762306/19027863.400x300.jpg,"2 horas 8 minutos"
Wikiloc | Ruta Montaña de los siete colores y Mirador del valle rojo,https://es.wikiloc.com/rutas-senderismo/montana-de-los-siete-colores-y-mirador-del-valle-rojo-109697465,"8,25 km",445 m,Moderado,1,445 m,5.075 m,59,4.680 m,Circular,3 horas 51 minutos,1490,4 de agosto de 2022,Ago-22,https://s0.wklcdn.com/image_20/600603/109697465/70834911.400x300.jpg,"2 horas 33 minutos"
Wikiloc | Ruta Montaña siete Colores y Cerro Colorado. Cusco. Perú,https://es.wikiloc.com/rutas-senderismo/montana-siete-colores-y-cerro-colorado-cusco-peru-24185301,"7,21 km",101 m,Moderado,7,571 m,5.039 m,47,4.576 m,Solo ida,2 horas 20 minutos,1277,22 de abril de 2018,Abr-18,https://s0.wklcdn.com/image_85/2560474/24185301/15384003.400x300.jpg,"una hora 49 minutos"
Wikiloc | Ruta Montañas de Ollantaytambo,https://es.wikiloc.com/rutas-senderismo/montanas-de-ollantaytambo-15032537,"10,94 km",458 m,Moderado,6,458 m,3.219 m,39,2.777 m,Circular,,97,9 de octubre de 2016,Oct-16,https://s0.wklcdn.com/image_3/93371/15032537/9350079.400x300.jpg,
Wikiloc | Ruta Moray - Maras - Salineras - Urubamba (Finca Intiquilla),https://es.wikiloc.com/rutas-senderismo/moray-maras-salineras-urubamba-finca-intiquilla-84907875,"14,94 km",122 m,Moderado,4,654 m,3.514 m,37,2.930 m,Solo ida,5 horas 41 minutos,2580,26 de septiembre de 2021,septiembre 2021,https://s0.wklcdn.com/image_316/9500453/84907876/54897213.400x300.jpg,"3 horas 41 minutos"
Wikiloc | Ruta Moray a Maras,https://es.wikiloc.com/rutas-senderismo/moray-a-maras-13859423,"7,25 km",61 m,Fácil,10,197 m,3.524 m,41,3.374 m,Solo ida,2 horas 34 minutos,678,2 de julio de 2016,Mar-16,https://s0.wklcdn.com/image_3/93371/13859423/8580258.400x300.jpg,
Wikiloc | Ruta Ollantaytambo (San Isidro) a Inti Punku,https://es.wikiloc.com/rutas-senderismo/ollantaytambo-san-isidro-a-inti-punku-113152620,"18,17 km",1.106 m,Moderado,11,1.106 m,3.867 m,38,2.790 m,Circular,6 horas 32 minutos,3188,9 de septiembre de 2022,septiembre 2022,https://s0.wklcdn.com/image_22/679801/113152624/72768510.700x525.jpg,"4 horas 11 minutos"
Wikiloc | Ruta Paso Campa-Pacchanta,https://es.wikiloc.com/rutas-senderismo/paso-campa-pacchanta-10768495,"10,91 km",45 m,Fácil,9,793 m,5.064 m,39,4.285 m,Solo ida,2 horas 38 minutos,680,12 de septiembre de 2015,Jun-15,https://s0.wklcdn.com/image_11/340586/10768495/6505560.400x300.jpg,
Wikiloc | Ruta Peru  Ausangate trek  1 dia,https://es.wikiloc.com/rutas-senderismo/ausangate-trek-1-dia-134518984,"13,82 km",569 m,Fácil,9,374 m,4.743 m,52,4.381 m,Solo ida,8 horas 6 minutos,2489,12 de mayo de 2023,May-23,https://s0.wklcdn.com/image_232/6963663/134518985/85643253.400x300.jpg,"4 horas 54 minutos"
Wikiloc | Ruta Perú - Choquequirao por Huanipaca,https://es.wikiloc.com/rutas-senderismo/peru-choquequirao-por-huanipaca-8124499,"38,42 km",2.780 m,Fácil,5,2.780 m,3.150 m,40,1.419 m,Circular,2 días 17 horas 5 minutos,7451,27 de octubre de 2014,septiembre 2014,https://s0.wklcdn.com/image_35/1075531/8124499/4704402.400x300.jpg,
Wikiloc | Ruta Perú / Salkantay Trek hasta MachuPicchu - Aguas Termales Cocalmayo (10D/9N),https://es.wikiloc.com/rutas-senderismo/salkantay-trek-hasta-machupicchu-aguas-termales-cocalmayo-6d-5n-138173090,"112,31 km",6.672 m,Muy difícil,3,7.928 m,4.628 m,57,1.381 m,Solo ida,9 días 7 minutos,17011,19 de junio de 2023,Jun-23,https://s0.wklcdn.com/image_274/8240365/138173093/87741723.400x300.jpg,"un día 5 horas 23 minutos"
Wikiloc | Ruta Perú. Q'eswachaka/Qeswachaka: el último puente Inca.,https://es.wikiloc.com/rutas-senderismo/qeswachaka-qeswachaka-el-ultimo-puente-inca-140895535,"0,86 km",59 m,Fácil,1,59 m,3.662 m,63,3.610 m,Circular,,34,18 de julio de 2023,Jul-23,https://s0.wklcdn.com/image_30/929076/140895535/89360775.400x300.jpg,
Wikiloc | Ruta Perú. VINICUNCA: la montaña de los Siete Colores o Montaña Arcoíris.,https://es.wikiloc.com/rutas-senderismo/vinicunca-la-montana-de-los-siete-colores-o-montana-arcoiris-118594870,"15,87 km",700 m,Moderado,12,700 m,4.983 m,93,4.328 m,Circular,,1900,7 de noviembre de 2022,,https://s0.wklcdn.com/image_30/929076/118594870/76082388.400x300.jpg,
Wikiloc | Ruta Perú: Montaña de 7 colores,https://es.wikiloc.com/rutas-senderismo/peru-montana-de-7-colores-22472112,"10,55 km",488 m,Difícil,11,488 m,4.985 m,38,4.500 m,Circular,4 horas 38 minutos,1860,5 de febrero de 2018,Feb-18,https://s0.wklcdn.com/image_8/266630/22472113/14212260.400x300.jpg,"3 horas un minuto"
Wikiloc | Ruta Primer Día Salkantay-Machupicchu,https://es.wikiloc.com/rutas-senderismo/primer-dia-salkantay-machupicchu-15616257,"13,97 km",689 m,Moderado,1,127 m,3.967 m,54,3.372 m,Solo ida,5 horas 30 minutos,1276,26 de noviembre de 2016,Nov-16,https://s0.wklcdn.com/image_84/2533402/15616257/9735228.400x300.jpg,
Wikiloc | Ruta Pumamarca (Pallata) - Ollantaytambo,https://es.wikiloc.com/rutas-senderismo/pumamarca-pallata-ollantaytambo-24258797,"6,15 km",158 m,Moderado,5,539 m,3.477 m,40,2.967 m,Solo ida,4 horas,1065,24 de abril de 2018,Abr-18,https://s0.wklcdn.com/image_115/3457104/24258797/15435903.400x300.jpg,"una hora 35 minutos"
Wikiloc | Ruta QUILLABAMBA: CATARATA DE SIRENAYOC TREK 1D,https://es.wikiloc.com/rutas-senderismo/quillabamba-catarata-de-sirenayoc-trek-1d-142324461,"6,71 km",653 m,Fácil,10,653 m,1.364 m,44,984 m,Circular,4 horas 3 minutos,1834,2 de agosto de 2023,Jul-23,https://s0.wklcdn.com/image_362/10877688/142324461/90109524.400x300.jpg,
Wikiloc | Ruta QUILLABAMBA: CATARATA DE VILLA RICA TREK 1D,https://es.wikiloc.com/rutas-senderismo/quillabamba-catarata-de-villa-rica-trek-1d-142330884,"8,48 km",792 m,Fácil,7,792 m,1.583 m,55,830 m,Circular,4 horas 3 minutos,2190,2 de agosto de 2023,Jul-23,https://s0.wklcdn.com/image_362/10877688/142330884/90109641.400x300.jpg,
Wikiloc | Ruta Qapaqñan al Antisuyo,https://es.wikiloc.com/rutas-senderismo/qapaqnan-al-antisuyo-109366006,"6,73 km",256 m,Moderado,5,256 m,3.714 m,40,3.491 m,Circular,5 horas 54 minutos,1163,31 de julio de 2022,Jul-22,https://s0.wklcdn.com/image_258/7763381/109366008/70544604.400x300.jpg,"2 horas 20 minutos"
Wikiloc | Ruta Qhapaq Ñan del Antisuyu. Tramo Abra Corao - Hawkaypata Cusco,https://es.wikiloc.com/rutas-senderismo/qhapaq-nan-del-antisuyu-tramo-abra-corao-hawkaypata-cusco-21778577,"6,81 km",105 m,Moderado,1,462 m,3.794 m,40,3.408 m,Solo ida,2 horas 46 minutos,1211,30 de diciembre de 2017,Dic-17,https://s0.wklcdn.com/image_34/1035463/21778579/13721697.400x300.jpg,"una hora 46 minutos"
Wikiloc | Ruta Recorrido por Cuzco,https://es.wikiloc.com/rutas-senderismo/recorrido-por-cuzco-60615806,"9,45 km",109 m,Fácil,2,363 m,3.695 m,37,3.331 m,Solo ida,2 horas 25 minutos,1579,16 de noviembre de 2020,Nov-20,https://s0.wklcdn.com/image_29/890626/60615809/40400802.400x300.jpg,"3 horas 6 minutos"
Wikiloc | Ruta Recorrido por Perú - Bolivia - Argentina (Choquequirao - Titicaca - Salar de Uyuni - Iruya - etc),https://es.wikiloc.com/rutas-senderismo/recorrido-por-peru-bolivia-argentina-choquequirao-titicaca-salar-de-uyuni-iruya-etc-19521691,3.695 km,50.339 m,Muy difícil,8,50.969 m,4.988 m,75,1.168 m,Solo ida,,36892,2 de septiembre de 2017,septiembre 2017,https://s0.wklcdn.com/image_47/1428650/19521691/12265896.400x300.jpg,
Wikiloc | Ruta Ruinas de Purmamarka,https://es.wikiloc.com/rutas-senderismo/ruinas-de-purmamarka-116136176,"17,79 km",791 m,Moderado,3,791 m,3.451 m,55,2.842 m,Circular,7 horas 4 minutos,3175,13 de octubre de 2022,Oct-22,https://s0.wklcdn.com/image_282/8475481/116136177/74534124.400x300.jpg,"4 horas 53 minutos"
Wikiloc | Ruta Ruinas de Písaq - Písac Pueblo,https://es.wikiloc.com/rutas-senderismo/ruinas-de-pisaq-pisac-pueblo-109239253,"4,75 km",195 m,Moderado,8,624 m,3.470 m,46,3.031 m,Solo ida,2 horas 12 minutos,862,30 de julio de 2022,Jul-22,https://s0.wklcdn.com/image_20/600603/109239253/70481373.400x300.jpg,"una hora 34 minutos"
Wikiloc | Ruta Ruta Arco tica tica - apu senqa - Balcon del diablo - Sacsayhuaman - Plaza de armas / cusco,https://es.wikiloc.com/rutas-senderismo/ruta-arco-tica-tica-apu-senqa-balcon-del-diablo-sacsayhuaman-plaza-de-armas-cusco-100582892,"15,72 km",730 m,Difícil,2,1.005 m,4.370 m,39,3.403 m,Solo ida,,755,19 de abril de 2022,,https://s0.wklcdn.com/image_279/8378163/100582892/65487009.400x300.jpg,
Wikiloc | Ruta Ruta circular montaña Vinicunca y montaña Roja,https://es.wikiloc.com/rutas-senderismo/ruta-circular-montana-vinicunca-y-montana-roja-107769850,"7,62 km",392 m,Difícil,3,422 m,5.073 m,50,4.687 m,Solo ida,3 horas 36 minutos,1357,12 de julio de 2022,Jul-22,https://s0.wklcdn.com/image_234/7033956/107769853/69654654.400x300.jpg,"2 horas 5 minutos"
Wikiloc | Ruta Ruta Ñaupa Iglesia - Catarata Perolniyoc - Inti Punku - Ollantaytambo,https://es.wikiloc.com/rutas-senderismo/ruta-naupa-iglesia-catarata-perolniyoc-inti-punku-ollantaytambo-91418238,"29,19 km",2.124 m,Difícil,6,2.175 m,4.442 m,40,2.810 m,Solo ida,un día 3 horas 52 minutos,5530,27 de diciembre de 2021,Dic-21,https://s0.wklcdn.com/image_151/4554528/91418238/59715168.400x300.jpg,
Wikiloc | Ruta SANTA TERESA A AGUAS CALIENTES (RUTA ALTERNA A MACHU PICCHU),https://es.wikiloc.com/rutas-senderismo/santa-teresa-a-aguas-calientes-ruta-alterna-a-machu-picchu-8095727,"21,76 km",594 m,Moderado,8,78 m,2.075 m,47,1.505 m,Solo ida,6 horas 34 minutos,2083,25 de octubre de 2014,septiembre 2014,https://s0.wklcdn.com/image_19/571184/8095727/4684512.400x300.jpg,
Wikiloc | Ruta SANTUARIO NACIONAL MEGANTONI: CIRCUITO SARINGABENI TREK 1D,https://es.wikiloc.com/rutas-senderismo/santuario-nacional-megantoni-circuito-saringabeni-trek-1d-142339458,"12,01 km",370 m,Fácil,10,370 m,570 m,55,390 m,Circular,3 horas un minuto,2292,2 de agosto de 2023,Jul-23,https://s0.wklcdn.com/image_362/10877688/142339458/90110625.400x300.jpg,
Wikiloc | Ruta Sacsaywaman,https://es.wikiloc.com/rutas-senderismo/sacsaywaman-44294312,"36,9 km",1.082 m,Moderado,11,1.082 m,3.569 m,46,3.408 m,Circular,una hora 53 minutos,604,8 de diciembre de 2019,Dic-19,https://s0.wklcdn.com/image_175/5272874/44294315/29048451.400x300.jpg,"una hora 7 minutos"
Wikiloc | Ruta Salineras de Maras. Perú.,https://es.wikiloc.com/rutas-senderismo/salineras-de-maras-peru-140205615,"0,75 km",79 m,Moderado,12,79 m,3.036 m,48,2.995 m,Circular,31 minutos,139,10 de julio de 2023,Jul-23,https://s0.wklcdn.com/image_21/641448/140205615/88939527.400x300.jpg,"16 minutos"
Wikiloc | Ruta Salkantay + Camino del Inca 7 días (día 2),https://es.wikiloc.com/rutas-senderismo/dia-2-115948909,"14,43 km",1.043 m,Difícil,5,839 m,4.892 m,53,3.905 m,Solo ida,9 horas 46 minutos,2473,11 de octubre de 2022,Oct-22,https://s0.wklcdn.com/image_66/2009426/115948911/74420247.400x300.jpg,"4 horas 14 minutos"
Wikiloc | Ruta Salkantay - Machupicchu Pueblo,https://es.wikiloc.com/rutas-senderismo/salkantay-machupicchu-pueblo-11065370,"66,86 km",4.487 m,Muy difícil,4,5.956 m,4.688 m,51,1.751 m,Solo ida,31 días 5 horas 47 minutos,5874,12 de octubre de 2015,Oct-15,https://s0.wklcdn.com/image_21/656981/11065370/7895175.400x300.jpg,
Wikiloc | Ruta Salkantay 1/5 : Soraypampa-Laguna Humantay,https://es.wikiloc.com/rutas-senderismo/salkantay-1-5-soraypampa-laguna-humantay-109441663,"5,57 km",502 m,Moderado,7,463 m,4.346 m,41,3.755 m,Solo ida,3 horas 39 minutos,979,1 de agosto de 2022,Ago-22,https://s0.wklcdn.com/image_96/2895445/109441665/70588959.400x300.jpg,"una hora 35 minutos"
Wikiloc | Ruta Salkantay 2/5: Soraypampa-Collapampa,https://es.wikiloc.com/rutas-senderismo/salkantay-2-5-soraypampa-collapampa-109526682,"22,07 km",957 m,Moderado,3,2.026 m,4.629 m,45,2.826 m,Solo ida,6 horas 11 minutos,3710,2 de agosto de 2022,Ago-22,https://s0.wklcdn.com/image_96/2895445/109526690/70634112.400x300.jpg,"5 horas"
Wikiloc | Ruta Salkantay 3/5: Collapampa-Lucmabamba,https://es.wikiloc.com/rutas-senderismo/salkantay-3-5-collapampa-lucmabamba-109591033,"17,49 km",602 m,Moderado,1,1.407 m,2.893 m,37,2.033 m,Solo ida,4 horas 25 minutos,2978,3 de agosto de 2022,Ago-22,https://s0.wklcdn.com/image_96/2895445/109591035/70669665.400x300.jpg,"3 horas 42 minutos"
Wikiloc | Ruta Salkantay 4/5: Lucmabamba-Llactapata-Aguas Calientes,https://es.wikiloc.com/rutas-senderismo/salkantay-4-5-lucmabamba-llactapata-aguas-calientes-109696292,"23,49 km",1.300 m,Moderado,10,1.300 m,2.881 m,50,1.814 m,Solo ida,6 horas 21 minutos,3351,4 de agosto de 2022,Ago-22,https://s0.wklcdn.com/image_96/2895445/109696295/70731144.400x300.jpg,"3 horas 29 minutos"
Wikiloc | Ruta Salkantay 5/5: Aguas Calientes-Macchupicchu,https://es.wikiloc.com/rutas-senderismo/salkantay-5-5-aguas-calientes-macchupicchu-109781662,"14,22 km",900 m,Moderado,10,900 m,2.727 m,40,1.984 m,Solo ida,8 horas 58 minutos,1938,5 de agosto de 2022,Ago-22,https://s0.wklcdn.com/image_96/2895445/109781665/70774887.400x300.jpg,"3 horas 4 minutos"
Wikiloc | Ruta Salkantay Trek,https://es.wikiloc.com/rutas-senderismo/salkantay-trek-104392596,"63,52 km",3.829 m,Difícil,10,5.332 m,4.628 m,38,1.773 m,Solo ida,,1486,2 de junio de 2022,,https://s0.wklcdn.com/image_92/2788168/104392596/67750788.400x300.jpg,
Wikiloc | Ruta Salkantay Trek,https://es.wikiloc.com/rutas-senderismo/salkantay-trek-35431439,"115,22 km",6.500 m,Moderado,7,7.794 m,4.365 m,60,1.176 m,Solo ida,4 días 4 horas 22 minutos,18403,19 de abril de 2019,Abr-19,https://s0.wklcdn.com/image_91/2733066/35431439/27920196.400x300.jpg,"un día 4 horas 50 minutos"
Wikiloc | Ruta Salkantay Trek (Perú),https://es.wikiloc.com/rutas-senderismo/salkantay-trek-peru-151111325,"84,5 km",5.586 m,Moderado,5,6.804 m,4.665 m,40,1.526 m,Solo ida,,2189,22 de octubre de 2023,,https://s0.wklcdn.com/image_170/5103911/151111329/95216241.400x300.jpg,
Wikiloc | Ruta Salkantay Trek - Cusco - Perú,https://es.wikiloc.com/rutas-senderismo/salkantay-trek-cusco-peru-6183725,"90,45 km",6.341 m,Difícil,8,6.641 m,4.618 m,56,1.471 m,Solo ida,,1411,21 de febrero de 2014,Dic-13,https://s0.wklcdn.com/image_5/170911/6183725/3380919.400x300.jpg,
Wikiloc | Ruta Salkantay trek. 5 Días. Saraypampa - Machu Picchu.,https://es.wikiloc.com/rutas-senderismo/salkantay-trek-149385676,"76,75 km",5.020 m,Muy difícil,7,5.980 m,4.644 m,82,1.796 m,Solo ida,3 días 20 horas 39 minutos,8387,7 de octubre de 2023,septiembre 2023,https://s0.wklcdn.com/image_41/1236450/149385676/95625057.400x300.jpg,"19 horas 23 minutos"
Wikiloc | Ruta Salkantay-1-Mollepata Soraypampa,https://es.wikiloc.com/rutas-senderismo/salkantay-1-mollepata-soraypampa-15893202,"13,61 km",646 m,Fácil,7,101 m,3.918 m,39,3.353 m,Solo ida,4 horas 17 minutos,1315,25 de diciembre de 2016,Jul-16,https://s0.wklcdn.com/image_15/461556/15893202/9934821.400x300.jpg,
Wikiloc | Ruta Salkantay-2-Soraypampa Challway,https://es.wikiloc.com/rutas-senderismo/salkantay-2-soraypampa-challway-15893268,"21,78 km",1.022 m,Fácil,10,2.038 m,4.654 m,36,2.856 m,Solo ida,10 horas 8 minutos,2686,25 de diciembre de 2016,Jul-16,https://s0.wklcdn.com/image_15/461556/15893268/9934842.400x300.jpg,
Wikiloc | Ruta Salkantay-3-Challway Playa Sawayako,https://es.wikiloc.com/rutas-senderismo/salkantay-3-challway-playa-sawayako-15893330,"16,68 km",661 m,Fácil,11,1.484 m,2.876 m,35,2.060 m,Solo ida,5 horas 42 minutos,1724,25 de diciembre de 2016,Jul-16,https://s0.wklcdn.com/image_15/461556/15893330/9934932.400x300.jpg,
Wikiloc | Ruta Salkantay-4-Hidroelectrica Aguas Cal,https://es.wikiloc.com/rutas-senderismo/salkantay-4-hidroelectrica-aguas-cal-15893348,"12,01 km",892 m,Fácil,1,878 m,2.173 m,35,1.787 m,Solo ida,2 horas 55 minutos,893,25 de diciembre de 2016,Jul-16,https://s0.wklcdn.com/image_15/461556/15893348/9934977.400x300.jpg,
Wikiloc | Ruta Salkantay. Día 2,https://es.wikiloc.com/rutas-senderismo/salkantay-dia-2-21032575,"26,25 km",1.735 m,Difícil,3,2.896 m,4.627 m,41,2.845 m,Solo ida,10 horas 8 minutos,3897,18 de noviembre de 2017,Nov-17,https://s0.wklcdn.com/image_46/1396463/21032577/13170306.400x300.jpg,"4 horas 56 minutos"
Wikiloc | Ruta Salkantay. Día 3,https://es.wikiloc.com/rutas-senderismo/salkantay-dia-3-21038113,"18,64 km",944 m,Moderado,8,1.621 m,2.856 m,37,2.168 m,Solo ida,18 horas 40 minutos,2206,18 de noviembre de 2017,Nov-17,https://s0.wklcdn.com/image_46/1396463/21038115/13173519.400x300.jpg,"una hora 47 minutos"
Wikiloc | Ruta Salkantay. Soraypampa-Lucmabamba,https://es.wikiloc.com/rutas-senderismo/salkantay-soraypampa-lucmabamba-24674640,"39,42 km",1.555 m,Difícil,1,3.109 m,4.660 m,35,2.019 m,Solo ida,un día 21 horas 38 minutos,6241,7 de mayo de 2018,May-18,https://s0.wklcdn.com/image_125/3758336/24674640/15719472.400x300.jpg,"8 horas 18 minutos"
Wikiloc | Ruta Saqsaywaman Cusco,https://es.wikiloc.com/rutas-senderismo/saqsaywaman-cusco-29741207,"3,73 km",193 m,Moderado,2,193 m,3.673 m,35,3.433 m,Circular,2 horas 50 minutos,611,19 de octubre de 2018,Oct-18,https://s0.wklcdn.com/image_89/2682122/29741210/19015335.700x525.jpg,"59 minutos"
Wikiloc | Ruta Senderismo al Apu Picol,https://es.wikiloc.com/rutas-senderismo/senderismo-al-apu-picol-32242906,"13,3 km",918 m,Moderado,10,1.099 m,4.408 m,36,3.287 m,Solo ida,7 horas 19 minutos,264,15 de enero de 2019,Ene-19,https://s0.wklcdn.com/image_139/4189830/32242906/20751654.400x300.jpg,
Wikiloc | Ruta Sendero al Inti Punku - Ollantaytambo - Perú,https://es.wikiloc.com/rutas-senderismo/sendero-al-inti-punku-ollantaytambo-peru-116020550,"20,67 km",1.194 m,Difícil,5,1.194 m,3.969 m,48,2.845 m,Circular,8 horas 55 minutos,3716,12 de octubre de 2022,Oct-22,https://s0.wklcdn.com/image_282/8475481/116020550/74462349.400x300.jpg,"6 horas 4 minutos"
Wikiloc | Ruta Soraypampa - Abra Salkantay - Collpapampa,https://es.wikiloc.com/rutas-senderismo/soraypampa-abra-salkantay-collpapampa-41694391,"22,65 km",1.056 m,Moderado,1,2.055 m,4.634 m,47,2.850 m,Solo ida,8 horas 19 minutos,2783,25 de septiembre de 2019,septiembre 2019,https://s0.wklcdn.com/image_33/1014171/41694391/27130809.400x300.jpg,
Wikiloc | Ruta Soraypampa - Laguna Humantay,https://es.wikiloc.com/rutas-senderismo/soraypampa-laguna-humantay-41693746,"7,04 km",572 m,Fácil,10,572 m,4.273 m,40,3.818 m,Circular,3 horas 21 minutos,960,25 de septiembre de 2019,septiembre 2019,https://s0.wklcdn.com/image_33/1014171/41693746/27130323.400x300.jpg,
Wikiloc | Ruta TREKKING SALKANTAY a MACHUPICCHU,https://es.wikiloc.com/rutas-senderismo/trekking-salkantay-a-machupicchu-4890714,"71,71 km",2.761 m,Difícil,7,3.788 m,4.634 m,68,1.830 m,Solo ida,,1500,23 de julio de 2013,Jul-13,https://s0.wklcdn.com/image_23/694368/photo_tn.jpg?1427652319612?464,
Wikiloc | Ruta Tour 7 lagunas de Ausangate,https://es.wikiloc.com/rutas-senderismo/tour-7-lagunas-de-ausangate-116365808,"11,65 km",309 m,Moderado,8,309 m,4.625 m,36,4.309 m,Circular,,196,15 de octubre de 2022,,https://s0.wklcdn.com/image_390/11711770/116365808/74663133.400x300.jpg,
Wikiloc | Ruta Trek Ausangate. Día 2. De Campamento Upis a Laguna Pucacocha. Perú.,https://es.wikiloc.com/rutas-senderismo/trek-ausangate-dia-2-140793618,"18,93 km",1.229 m,Moderado,7,879 m,5.044 m,60,4.474 m,Solo ida,10 horas 41 minutos,3460,17 de julio de 2023,Jul-23,https://s0.wklcdn.com/image_21/641448/140793618/93026568.400x300.jpg,"6 horas 25 minutos"
Wikiloc | Ruta Trek Salcantay día 1. De Soraypampa a Chaullay por Abra Salcantay. Perú.,https://es.wikiloc.com/rutas-senderismo/trek-salcantay-dia-1-de-soraypampa-a-chaullay-por-abra-salcantay-peru-139791914,"20,95 km",773 m,Moderado,5,1.809 m,4.639 m,85,2.866 m,Solo ida,8 horas 49 minutos,3797,6 de julio de 2023,Jul-23,https://s0.wklcdn.com/image_21/641448/139791914/88642800.400x300.jpg,"6 horas 38 minutos"
Wikiloc | Ruta Trek Salcantay día 2. De Chaullay a Llactapata. Perú.,https://es.wikiloc.com/rutas-senderismo/trek-salcantay-dia-2-de-chaullay-a-llactapata-peru-140002615,"26,72 km",1.163 m,Moderado,1,1.448 m,2.879 m,83,1.997 m,Solo ida,10 horas 13 minutos,4799,9 de julio de 2023,Jul-23,https://s0.wklcdn.com/image_21/641448/photo_tn.jpg?1681659975821,"7 horas 25 minutos"
Wikiloc | Ruta Trek Salcantay. Día 3. De Llactapata a Aguascalientes,https://es.wikiloc.com/rutas-senderismo/trek-salcantay-dia-3-de-llactapata-a-aguascalientes-139988228,"15,97 km",567 m,Moderado,4,1.082 m,2.587 m,77,1.775 m,Solo ida,5 horas 31 minutos,2856,8 de julio de 2023,Jul-23,https://s0.wklcdn.com/image_21/641448/139988230/88750851.400x300.jpg,"4 horas 25 minutos"
Wikiloc | Ruta Trek Salkantay,https://es.wikiloc.com/rutas-senderismo/trek-salkantay-81799202,"66,78 km",2.577 m,Moderado,3,4.895 m,4.629 m,44,1.471 m,Solo ida,2 días 5 horas 22 minutos,10558,22 de agosto de 2021,Ago-21,https://s0.wklcdn.com/image_301/9030834/81799204/52959522.400x300.jpg,"18 horas 56 minutos"
Wikiloc | Ruta Trek del Ausangate en 5 días. Desde Upis hasta Pacchanta. Extensión a Montañas Arcoiris.,https://es.wikiloc.com/rutas-senderismo/trek-del-ausangate-en-5-dias-desde-upis-hasta-pacchanta-extension-a-montanas-arcoiris-147630148,"73,88 km",3.512 m,Moderado,5,3.399 m,5.129 m,79,4.181 m,Solo ida,,1114,19 de septiembre de 2023,,https://s0.wklcdn.com/image_21/641448/147630148/93084141.400x300.jpg,
Wikiloc | Ruta Trek del Ausangate. Día 1. De Upis a Campamento Upis. Perú.,https://es.wikiloc.com/rutas-senderismo/trek-del-ausangate-dia-1-140795086,"8,25 km",284 m,Fácil,5,29 m,4.435 m,59,4.175 m,Solo ida,6 horas 37 minutos,1487,17 de julio de 2023,Jul-23,https://s0.wklcdn.com/image_21/641448/140795086/93026280.400x300.jpg,"2 horas 30 minutos"
Wikiloc | Ruta Trek del Ausangate. Día 3. Desde Campamento Pucacocha hasta Campamento Ausangate. Visita a Vinicunca (Montaña de Colores).,https://es.wikiloc.com/rutas-senderismo/trek-del-ausangate-dia-3-140793561,"20,8 km",827 m,Fácil,9,974 m,5.024 m,61,4.343 m,Solo ida,9 horas 22 minutos,3758,17 de julio de 2023,Jul-23,https://s0.wklcdn.com/image_21/641448/140793561/93064443.400x300.jpg,"6 horas 6 minutos"
Wikiloc | Ruta Trek del Ausangate. Día 4. Desde Campamento Ausangate Cocha a Campamento Pachaspata.,https://es.wikiloc.com/rutas-senderismo/trek-del-ausangate-dia-4-140793586,"22,89 km",1.239 m,Moderado,2,1.243 m,5.136 m,59,4.442 m,Solo ida,11 horas,4164,17 de julio de 2023,Jul-23,https://s0.wklcdn.com/image_21/641448/140793586/93066978.400x300.jpg,"7 horas 18 minutos"
Wikiloc | Ruta Trekk de Salkantay - Machupichu 5D/4N (Perú),https://es.wikiloc.com/rutas-senderismo/trekk-de-salkantay-machupichu-5d-4n-peru-18515444,"136,06 km",4.595 m,Moderado,8,6.173 m,4.628 m,46,1.522 m,Solo ida,,2146,5 de julio de 2017,,https://s0.wklcdn.com/image_90/2724530/18515445/11661243.400x300.jpg,
Wikiloc | Ruta Trekking Ausangate. Día 5. De Campamento Pachaspata hasta Aguas Termales de Pacchanta. 7 Lagunas de Ausangate.,https://es.wikiloc.com/rutas-senderismo/trekking-ausangate-dia-5-140793541,"7,92 km",15 m,Fácil,5,351 m,4.641 m,60,4.296 m,Solo ida,4 horas 21 minutos,1429,17 de julio de 2023,Jul-23,https://s0.wklcdn.com/image_21/641448/photo_tn.jpg?1681659975821,"2 horas 11 minutos"
Wikiloc | Ruta Trekking de Salkantay de forma independiente (2 022),https://es.wikiloc.com/rutas-senderismo/trekking-de-salkantay-de-forma-independiente-2-022-112497018,"98,5 km",6.408 m,Moderado,8,6.793 m,4.628 m,63,1.773 m,Solo ida,4 días 2 horas 3 minutos,17479,2 de septiembre de 2022,septiembre 2022,https://s0.wklcdn.com/image_69/2074310/112497032/72390420.700x525.jpg,"un día 4 horas 22 minutos"
Wikiloc | Ruta UchukutaWasi - Full day 001,https://es.wikiloc.com/rutas-senderismo/uchukutawasi-full-day-001-42800436,"10,66 km",191 m,Moderado,8,1.065 m,3.719 m,41,2.856 m,Solo ida,3 horas 56 minutos,1849,25 de octubre de 2019,Oct-19,https://s0.wklcdn.com/image_150/4518097/42800439/27918600.400x300.jpg,"2 horas 32 minutos"
Wikiloc | Ruta Urubabamba - Laguna Juchuyocha - Nevado Chicon - SOLO IDA RET MISMA RUTA,https://es.wikiloc.com/rutas-senderismo/urubabamba-laguna-juchuyocha-nevado-chicon-solo-ida-ret-misma-ruta-103599050,"10,95 km",1.556 m,Difícil,5,165 m,4.774 m,39,3.362 m,Solo ida,5 horas 13 minutos,1850,23 de mayo de 2022,May-22,https://s0.wklcdn.com/image_346/10387267/103599052/67296465.400x300.jpg,"2 horas 24 minutos"
Wikiloc | Ruta VALLE SAGRADO DE LOS INCAS (PERU) por libre,https://es.wikiloc.com/rutas-senderismo/valle-sagrado-de-los-incas-peru-por-libre-1524927,"225,53 km",4.227 m,Moderado,3,4.348 m,3.662 m,42,2.739 m,Solo ida,un día 12 horas 4 minutos,8804,8 de marzo de 2011,Ene-11,https://s0.wklcdn.com/image_2/83524/1524927/513876.400x300.jpg,
Wikiloc | Ruta Vinikunka y Valle Rojo (Montaña 7 colores),https://es.wikiloc.com/rutas-senderismo/vinikunka-y-valle-rojo-montana-7-colores-110006067,"10,16 km",502 m,Moderado,8,502 m,5.084 m,48,4.624 m,Circular,3 horas 30 minutos,1671,7 de agosto de 2022,Ago-22,https://s0.wklcdn.com/image_96/2895445/110006069/70909599.400x300.jpg,"2 horas 23 minutos"
Wikiloc | Ruta Visita a Ollantaytambo. Pinkuyuna  Centro Histórico y Sitio Arqueológico. Perú,https://es.wikiloc.com/rutas-senderismo/visita-a-ollantaytambo-pinkuyuna-centro-historico-y-sitio-arqueologico-peru-140205628,"4,23 km",156 m,Moderado,2,156 m,2.966 m,50,2.835 m,Circular,2 horas 39 minutos,772,10 de julio de 2023,Jul-23,https://s0.wklcdn.com/image_21/641448/140205628/89221278.400x300.jpg,"una hora 45 minutos"
Wikiloc | Ruta Visita a Yacimiento Arqueológico Inka de Pisac,https://es.wikiloc.com/rutas-senderismo/visita-a-yacimiento-arqueologico-inka-de-pisac-140953988,"8,83 km",992 m,Moderado,9,992 m,3.505 m,76,2.968 m,Circular,5 horas 38 minutos,1614,18 de julio de 2023,Jul-23,https://s0.wklcdn.com/image_21/641448/140953988/89410395.400x300.jpg,"3 horas 22 minutos"
Wikiloc | Ruta Visita a Yacimiento arqueológico Inka de Machu Picchu. Circuito 3. Bajada a pie a Aguascalientes.,https://es.wikiloc.com/rutas-senderismo/visita-a-yacimiento-arqueologico-inka-de-machu-picchu-circuito-3-bajada-a-pie-a-aguascalientes-140121282,"5,42 km",164 m,Moderado,3,536 m,2.455 m,80,1.974 m,Solo ida,2 horas 29 minutos,970,9 de julio de 2023,Jul-23,https://s0.wklcdn.com/image_21/641448/photo_tn.jpg?1681659975821,"una hora 45 minutos"
Wikiloc | Ruta Visita a yacimientos incas de Cuzco. Tambomachay  Puka Pukara  Q'enqo Grande/Chico  Saksaywaman y otros. Perú,https://es.wikiloc.com/rutas-senderismo/visita-a-yacimientos-incas-de-cuzco-tambomachay-puka-pukara-qenqo-grande-chico-saksaywaman-y-otros-140295457,"11,22 km",312 m,Fácil,4,502 m,3.827 m,82,3.562 m,Solo ida,5 horas 2 minutos,2029,12 de julio de 2023,Jul-23,https://s0.wklcdn.com/image_21/641448/140295457/89410419.400x300.jpg,"3 horas 38 minutos"
Wikiloc | Ruta Vuelta al Ausangate (4 Días / 3 Noches),https://es.wikiloc.com/rutas-senderismo/vuelta-al-ausangate-4-dias-3-noches-41699478,"54,02 km",2.360 m,Difícil,1,1.980 m,5.120 m,79,3.936 m,Solo ida,3 días 3 horas 41 minutos,7030,26 de septiembre de 2019,septiembre 2019,https://s0.wklcdn.com/image_33/1014171/photo_tn.jpg?1425312740947?583,
Wikiloc | Ruta Waqrapukara ruta Pitumarca-Huayqui,https://es.wikiloc.com/rutas-senderismo/waqrapukara-ruta-pitumarca-huayqui-39225509,"15,9 km",513 m,Moderado,11,1.542 m,4.469 m,53,3.394 m,Solo ida,,575,29 de julio de 2019,,https://s0.wklcdn.com/image_362/10877688/photo_tn.jpg?1687386213785,
Wikiloc | Ruta Wayna Picchu,https://es.wikiloc.com/rutas-senderismo/wayna-picchu-12767579,"4,89 km",586 m,Moderado,11,647 m,2.695 m,53,2.280 m,Solo ida,4 horas 45 minutos,1027,31 de marzo de 2016,Mar-16,https://s0.wklcdn.com/image_7/225473/12767586/7857168.400x300.jpg,
Wikiloc | Ruta Wayna Picchu o Huayna Picchu - Machu Picchu - PERÚ,https://es.wikiloc.com/rutas-senderismo/wayna-picchu-o-huayna-picchu-machu-picchu-peru-23100728,"2,11 km",216 m,Difícil,2,216 m,2.690 m,42,2.434 m,Circular,2 horas 2 minutos,387,7 de marzo de 2018,Oct-17,https://s0.wklcdn.com/image_25/772700/23100731/14654637.400x300.jpg,
Wikiloc | Ruta Winicunca (5.036 m.) y Mirador Valle Rojo (Montaña 7 colores  Arco Iris o Rainbow Mountain),https://es.wikiloc.com/rutas-senderismo/winicunca-5-036-m-y-mirador-valle-rojo-montana-7-colores-arco-iris-o-rainbow-mountain-43433815,"8,54 km",441 m,Moderado,6,441 m,5.085 m,76,4.684 m,Circular,4 horas 24 minutos,1597,10 de noviembre de 2019,Oct-19,https://s0.wklcdn.com/image_1/40474/43433816/28398747.400x300.jpg,
Wikiloc | Ruta Winicunca - Red valley,https://es.wikiloc.com/rutas-senderismo/winicunca-red-valley-41143727,"7,66 km",458 m,Moderado,5,458 m,5.064 m,37,4.679 m,Circular,3 horas 42 minutos,1267,11 de septiembre de 2019,septiembre 2019,https://s0.wklcdn.com/image_114/3441810/photo_tn.jpg?1509077160195,"una hora 56 minutos"
Wikiloc | Ruta Zona arqueológica Chinchero Valle Sagrado Peru,https://es.wikiloc.com/rutas-senderismo/zona-arqueologica-chinchero-valle-sagrado-peru-114900568,"2,75 km",106 m,Fácil,5,53 m,3.803 m,49,3.718 m,Solo ida,,33,29 de septiembre de 2022,septiembre 2022,https://s0.wklcdn.com/image_124/3726685/114900568/73787109.400x300.jpg,
Wikiloc | Ruta vuelta al Ausangate en solitario,https://es.wikiloc.com/rutas-senderismo/vuelta-al-ausangate-en-solitario-142386333,"64,13 km",3.124 m,Moderado,4,3.130 m,5.110 m,71,4.244 m,Solo ida,2 días 46 minutos,8163,2 de agosto de 2023,Ago-23,https://s0.wklcdn.com/image_116/3505587/142386334/90128679.400x300.jpg,"8 horas 32 minutos"
